Order_ID,Order_Date,Customer_ID,Product,Category,Region,Quantity,Unit_Price,Discount,Sales,Profit
10001,2025-02-27,C0023,Backpack,Lifestyle,West,1,57.84,0.1,52.06,15.09
10002,2025-01-16,C0108,Laptop,Electronics,South,2,765.78,0.0,1531.56,294.43
10003,2025-10-29,C0056,Webcam,Accessories,East,5,74.14,0.15,315.09,71.29
10004,2025-02-17,C0032,Monitor,Electronics,West,7,293.23,0.0,2052.61,331.03
10005,2025-10-10,C0170,Monitor,Electronics,South,5,306.17,0.15,1301.22,265.13
10006,2025-02-10,C0054,Keyboard,Accessories,East,4,46.81,0.15,159.15,49.64
10007,2025-12-16,C0237,Smartwatch,Lifestyle,South,2,183.89,0.05,349.39,73.47
10008,2025-06-16,C0146,Backpack,Lifestyle,East,1,63.09,0.0,63.09,19.42
10009,2025-12-02,C0138,Smartphone,Electronics,East,8,690.01,0.05,5244.08,994.5
10010,2025-10-27,C0013,Smartwatch,Lifestyle,North,7,177.1,0.05,1177.71,218.14
10011,2025-11-18,C0065,Tablet,Electronics,North,3,462.99,0.15,1180.62,199.61
10012,2025-02-28,C0225,Backpack,Lifestyle,East,5,61.35,0.15,260.74,75.88
10013,2025-04-02,C0042,Office Chair,Furniture,North,2,224.41,0.15,381.5,55.45
10014,2025-06-15,C0062,Desk,Furniture,North,8,281.37,0.0,2250.96,569.38
10015,2025-09-06,C0136,Monitor,Electronics,West,2,301.57,0.15,512.67,57.72
10016,2025-10-04,C0031,Smartphone,Electronics,South,4,630.42,0.1,2269.51,509.32
10017,2025-02-02,C0059,Smartphone,Electronics,North,6,659.18,0.0,3955.08,583.82
10018,2025-06-19,C0147,Laptop,Electronics,West,2,766.46,0.05,1456.27,280.74
10019,2025-08-31,C0014,Smartphone,Electronics,North,7,607.81,0.0,4254.67,847.01
10020,2025-07-26,C0072,Laptop,Electronics,West,6,846.29,0.15,4316.08,549.6
10021,2025-02-08,C0249,Smartphone,Electronics,North,8,687.58,0.15,4675.54,764.63
10022,2025-03-27,C0100,Smartphone,Electronics,East,7,648.06,0.05,4309.6,931.99
10023,2025-05-27,C0076,Webcam,Accessories,South,7,75.12,0.1,473.26,144.36
10024,2025-10-24,C0015,Laptop,Electronics,North,1,776.14,0.1,698.53,77.55
10025,2025-02-05,C0011,Tablet,Electronics,North,2,476.05,0.1,856.89,131.49
10026,2025-12-03,C0077,Headphones,Accessories,West,6,76.21,0.0,457.26,120.24
10027,2025-02-07,C0034,Mouse,Accessories,East,1,25.48,0.05,24.21,5.58
10028,2025-05-06,C0168,Monitor,Electronics,North,6,283.57,0.0,1701.42,374.4
10029,2025-10-11,C0040,Backpack,Lifestyle,East,5,56.19,0.1,252.85,68.0
10030,2025-11-06,C0233,Keyboard,Accessories,North,4,48.74,0.1,175.46,62.91
10031,2025-11-21,C0190,Monitor,Electronics,West,7,289.28,0.15,1721.22,168.55
10032,2025-12-28,C0214,Office Chair,Furniture,East,7,202.74,0.05,1348.22,349.26
10033,2025-10-10,C0231,Desk,Furniture,East,3,282.12,0.05,804.04,196.15
10034,2025-12-16,C0040,Smartphone,Electronics,South,4,608.69,0.1,2191.28,435.22
10035,2025-04-01,C0189,Tablet,Electronics,South,7,426.91,0.0,2988.37,690.13
10036,2025-03-23,C0079,Keyboard,Accessories,South,2,52.98,0.05,100.66,25.42
10037,2025-01-13,C0103,Smartphone,Electronics,East,4,632.14,0.05,2402.13,519.39
10038,2025-03-01,C0202,Laptop,Electronics,East,5,810.32,0.0,4051.6,964.39
10039,2025-11-07,C0207,Headphones,Accessories,South,2,85.11,0.05,161.71,35.66
10040,2025-08-09,C0130,Mouse,Accessories,East,2,26.68,0.1,48.02,15.58
10041,2025-07-29,C0192,Backpack,Lifestyle,South,6,61.89,0.05,352.77,79.58
10042,2025-10-19,C0168,Desk,Furniture,East,5,302.3,0.05,1435.92,276.68
10043,2025-08-15,C0022,Webcam,Accessories,East,8,66.79,0.1,480.89,176.59
10044,2025-12-06,C0007,Office Chair,Furniture,North,6,231.21,0.0,1387.26,237.85
10045,2025-09-01,C0063,Smartphone,Electronics,South,2,641.1,0.05,1218.09,229.09
10046,2025-12-19,C0179,Backpack,Lifestyle,West,1,63.46,0.15,53.94,14.57
10047,2025-10-13,C0082,Laptop,Electronics,West,4,751.53,0.15,2555.2,290.02
10048,2025-09-16,C0193,Desk,Furniture,South,7,319.53,0.15,1901.2,452.69
10049,2025-05-22,C0229,Backpack,Lifestyle,North,8,57.5,0.1,414.0,87.78
10050,2025-03-19,C0107,Tablet,Electronics,North,4,463.96,0.05,1763.05,347.8
10051,2025-08-04,C0002,Smartphone,Electronics,East,7,658.74,0.15,3919.5,709.28
10052,2025-07-19,C0112,Keyboard,Accessories,West,7,51.98,0.05,345.67,110.99
10053,2025-07-19,C0160,Laptop,Electronics,North,6,822.93,0.1,4443.82,682.21
10054,2025-10-31,C0055,Headphones,Accessories,West,1,81.83,0.0,81.83,24.8
10055,2025-06-22,C0139,Mouse,Accessories,North,7,26.01,0.0,182.07,48.32
10056,2025-04-25,C0160,Mouse,Accessories,South,2,26.83,0.15,45.61,9.26
10057,2025-03-06,C0156,Smartphone,Electronics,North,8,609.9,0.1,4391.28,960.51
10058,2025-06-09,C0184,Tablet,Electronics,South,2,415.85,0.05,790.12,118.47
10059,2025-10-31,C0145,Monitor,Electronics,North,4,309.47,0.0,1237.88,193.34
10060,2025-09-30,C0028,Mouse,Accessories,West,7,24.48,0.1,154.22,41.09
10061,2025-11-22,C0236,Mouse,Accessories,West,8,23.61,0.1,169.99,50.81
10062,2025-08-12,C0119,Webcam,Accessories,West,5,73.94,0.0,369.7,87.1
10063,2025-01-15,C0153,Mouse,Accessories,East,8,24.3,0.15,165.24,43.19
10064,2025-01-06,C0183,Office Chair,Furniture,West,4,210.9,0.0,843.6,146.49
10065,2025-01-09,C0136,Webcam,Accessories,East,2,66.88,0.0,133.76,36.8
10066,2025-10-09,C0031,Headphones,Accessories,South,6,82.6,0.0,495.6,131.46
10067,2025-04-21,C0050,Smartphone,Electronics,East,8,673.36,0.0,5386.88,1277.73
10068,2025-07-04,C0179,Smartphone,Electronics,South,3,599.47,0.0,1798.41,331.08
10069,2025-09-09,C0065,Backpack,Lifestyle,West,2,55.32,0.15,94.04,27.52
10070,2025-02-03,C0078,Monitor,Electronics,North,7,279.56,0.05,1859.07,349.57
10071,2025-03-02,C0077,Smartphone,Electronics,West,7,660.0,0.05,4389.0,819.47
10072,2025-10-19,C0021,Keyboard,Accessories,South,1,53.68,0.05,51.0,17.84
10073,2025-03-30,C0181,Smartphone,Electronics,East,2,598.28,0.0,1196.56,208.27
10074,2025-08-21,C0051,Smartwatch,Lifestyle,West,2,172.32,0.1,310.18,86.09
10075,2025-10-06,C0153,Monitor,Electronics,East,4,283.15,0.1,1019.34,139.52
10076,2025-03-05,C0154,Webcam,Accessories,North,8,67.81,0.1,488.23,124.01
10077,2025-06-15,C0196,Headphones,Accessories,East,5,74.77,0.0,373.85,138.5
10078,2025-01-21,C0209,Desk,Furniture,West,3,300.91,0.05,857.59,233.33
10079,2025-08-29,C0074,Monitor,Electronics,West,6,292.0,0.05,1664.4,321.09
10080,2025-01-19,C0001,Office Chair,Furniture,West,8,213.47,0.0,1707.76,335.72
10081,2025-01-28,C0141,Headphones,Accessories,South,4,78.23,0.05,297.27,96.63
10082,2025-08-13,C0004,Keyboard,Accessories,West,8,46.23,0.0,369.84,134.58
10083,2025-04-26,C0181,Monitor,Electronics,East,2,321.46,0.05,610.77,116.18
10084,2025-09-05,C0035,Headphones,Accessories,North,8,79.45,0.0,635.6,161.64
10085,2025-08-01,C0169,Keyboard,Accessories,West,6,50.06,0.15,255.31,63.42
10086,2025-08-17,C0179,Tablet,Electronics,South,8,437.94,0.0,3503.52,741.15
10087,2025-07-16,C0099,Desk,Furniture,South,4,313.23,0.15,1064.98,230.28
10088,2025-01-19,C0234,Webcam,Accessories,West,3,75.21,0.05,214.35,49.42
10089,2025-03-15,C0178,Laptop,Electronics,West,7,819.81,0.15,4877.87,565.95
10090,2025-02-11,C0125,Backpack,Lifestyle,North,6,61.67,0.15,314.52,88.61
10091,2025-02-05,C0195,Desk,Furniture,North,4,308.85,0.1,1111.86,153.05
10092,2025-03-27,C0136,Webcam,Accessories,West,5,64.92,0.0,324.6,88.55
10093,2025-12-16,C0150,Desk,Furniture,South,3,284.4,0.0,853.2,201.05
10094,2025-08-25,C0041,Smartphone,Electronics,North,5,624.55,0.05,2966.61,337.09
10095,2025-06-26,C0219,Webcam,Accessories,West,5,75.17,0.1,338.27,97.16
10096,2025-05-02,C0102,Monitor,Electronics,East,7,293.23,0.05,1949.98,288.61
10097,2025-10-17,C0206,Laptop,Electronics,East,1,831.38,0.05,789.81,167.79
10098,2025-11-22,C0025,Smartphone,Electronics,North,4,624.07,0.05,2371.47,481.81
10099,2025-08-14,C0052,Keyboard,Accessories,South,1,48.92,0.05,46.47,17.48
10100,2025-07-07,C0223,Office Chair,Furniture,East,5,208.19,0.15,884.81,223.8
10101,2025-08-28,C0217,Monitor,Electronics,East,2,312.2,0.0,624.4,91.83
10102,2025-07-22,C0211,Monitor,Electronics,East,1,301.76,0.0,301.76,52.68
10103,2025-12-12,C0017,Monitor,Electronics,West,4,277.2,0.05,1053.36,230.27
10104,2025-06-04,C0228,Smartwatch,Lifestyle,South,7,169.63,0.0,1187.41,229.89
10105,2025-08-21,C0227,Headphones,Accessories,West,6,85.75,0.1,463.05,139.95
10106,2025-02-20,C0244,Backpack,Lifestyle,South,8,59.12,0.05,449.31,105.4
10107,2025-02-20,C0243,Mouse,Accessories,West,6,26.61,0.05,151.68,33.89
10108,2025-12-06,C0202,Monitor,Electronics,South,4,306.7,0.1,1104.12,244.6
10109,2025-10-11,C0001,Monitor,Electronics,East,4,286.37,0.05,1088.21,235.99
10110,2025-03-08,C0061,Tablet,Electronics,East,5,426.56,0.15,1812.88,320.57
10111,2025-03-31,C0093,Laptop,Electronics,North,5,752.23,0.0,3761.15,641.33
10112,2025-09-15,C0247,Webcam,Accessories,North,4,64.89,0.05,246.58,90.88
10113,2025-09-03,C0156,Laptop,Electronics,South,7,823.82,0.05,5478.4,938.63
10114,2025-03-06,C0117,Monitor,Electronics,,5,306.39,0.05,1455.35,259.49
10115,2025-12-26,C0228,Monitor,Electronics,South,2,307.43,0.15,522.63,106.0
10116,2025-06-23,C0040,Headphones,Accessories,West,8,78.92,0.05,599.79,173.53
10117,2025-02-16,C0245,Monitor,Electronics,East,2,296.73,0.0,593.46,124.24
10118,2025-03-04,C0074,Backpack,Lifestyle,East,7,63.59,0.0,445.13,83.33
10119,2025-02-23,C0196,Mouse,Accessories,East,4,25.63,0.0,102.52,24.55
10120,2025-04-26,C0156,Desk,Furniture,East,7,302.93,0.15,1802.43,382.11
10121,2025-04-03,C0169,Laptop,Electronics,West,5,833.59,0.1,3751.15,808.69
10122,2025-03-14,C0185,Monitor,Electronics,East,1,311.81,0.0,311.81,45.47
10123,2025-11-02,C0109,Desk,Furniture,West,2,283.47,0.0,566.94,85.85
10124,2025-08-15,C0152,Desk,Furniture,West,7,286.35,0.0,2004.45,311.74
10125,2025-12-08,C0197,Office Chair,Furniture,South,5,210.16,0.0,1050.8,177.19
10126,2025-05-29,C0129,Keyboard,Accessories,East,6,46.06,0.0,276.36,69.54
10127,2025-07-23,C0182,Monitor,Electronics,West,1,276.9,0.05,263.05,58.67
10128,2025-02-28,C0093,Keyboard,Accessories,North,7,53.73,0.0,376.11,146.9
10129,2025-02-24,C0086,Headphones,Accessories,South,4,81.14,0.05,308.33,87.48
10130,2025-09-19,C0209,Monitor,Electronics,South,2,300.48,0.05,570.91,126.29
10131,2025-02-22,C0198,Smartphone,Electronics,West,3,618.52,0.0,1855.56,356.8
10132,2025-10-16,C0161,Webcam,Accessories,East,8,74.75,0.1,538.2,171.88
10133,2025-08-14,C0080,Tablet,Electronics,West,2,445.84,0.05,847.1,126.08
10134,2025-01-20,C0130,Webcam,Accessories,West,1,73.72,0.0,73.72,27.69
10135,2025-10-25,C0246,Webcam,Accessories,North,1,74.58,0.05,70.85,17.46
10136,2025-02-22,C0135,Webcam,Accessories,South,6,65.34,0.1,352.84,74.82
10137,2025-07-10,C0017,Mouse,Accessories,East,5,24.64,0.05,117.04,37.47
10138,2025-10-13,C0021,Monitor,Electronics,South,7,288.1,0.0,2016.7,448.09
10139,2025-06-08,C0209,Mouse,Accessories,South,7,25.38,0.0,177.66,48.99
10140,2025-12-26,C0088,Backpack,Lifestyle,West,2,61.64,0.1,110.95,33.08
10141,2025-04-26,C0227,Smartphone,Electronics,North,3,606.03,0.0,1818.09,402.4
10142,2025-06-22,C0043,Backpack,Lifestyle,West,3,58.82,0.05,167.64,47.91
10143,2025-07-30,C0060,Laptop,Electronics,South,6,828.11,0.1,4471.79,989.83
10144,2025-08-29,C0129,Keyboard,Accessories,West,4,51.43,0.0,205.72,61.57
10145,2025-04-13,C0217,Tablet,Electronics,North,3,432.0,0.15,1101.6,192.16
10146,2025-02-12,C0210,Keyboard,Accessories,West,3,49.59,0.0,148.77,54.98
10147,2025-01-14,C0082,Mouse,Accessories,North,7,24.59,0.0,172.13,49.83
10148,2025-11-29,C0195,Smartwatch,Lifestyle,West,6,169.81,0.15,866.03,237.17
10149,2025-11-12,C0109,Webcam,Accessories,North,1,64.61,0.0,64.61,15.95
10150,2025-05-02,C0232,Keyboard,Accessories,West,5,46.38,0.0,231.9,84.16
10151,2025-10-02,C0062,Desk,Furniture,West,1,300.74,0.1,270.67,50.1
10152,2025-12-07,C0142,Tablet,Electronics,North,2,484.18,0.05,919.94,110.96
10153,2025-08-29,C0062,Headphones,Accessories,North,1,78.55,0.1,70.69,24.0
10154,2025-06-20,C0179,Desk,Furniture,West,3,292.91,0.0,878.73,225.18
10155,2025-04-04,C0227,Backpack,Lifestyle,North,3,62.07,0.0,186.21,54.14
10156,2025-06-08,C0200,Mouse,Accessories,North,7,25.17,0.15,149.76,49.88
10157,2025-06-19,C0087,Backpack,Lifestyle,South,5,62.87,0.0,314.35,98.68
10158,2025-12-21,C0155,Webcam,Accessories,South,8,74.75,0.0,598.0,217.8
10159,2025-05-31,C0177,Office Chair,Furniture,West,6,205.22,0.0,1231.32,276.27
10160,2025-08-17,C0243,Mouse,Accessories,North,1,26.48,0.1,23.83,9.17
10161,2025-12-10,C0174,Monitor,Electronics,West,7,300.63,0.0,2104.41,441.9
10162,2025-03-06,C0174,Laptop,Electronics,West,2,835.65,0.0,1671.3,274.03
10163,2025-07-10,C0246,Mouse,Accessories,North,8,23.31,0.15,158.51,41.78
10164,2025-04-06,C0157,Laptop,Electronics,East,8,785.53,0.05,5970.03,1074.01
10165,2025-09-09,C0208,Smartwatch,Lifestyle,East,4,169.51,0.0,678.04,216.71
10166,2025-06-27,C0164,Backpack,Lifestyle,South,2,60.4,0.05,114.76,34.69
10167,2025-09-18,C0147,Mouse,Accessories,East,4,26.94,0.0,107.76,28.3
10168,2025-10-10,C0106,Webcam,Accessories,West,3,74.3,0.05,211.75,60.17
10169,2025-02-07,C0200,Desk,Furniture,South,3,306.83,0.0,920.49,173.27
10170,2025-08-10,C0089,Tablet,Electronics,East,1,422.94,0.15,359.5,41.65
10171,2025-05-09,C0165,Monitor,Electronics,South,4,321.9,0.1,1158.84,159.84
10172,2025-10-25,C0212,Desk,Furniture,North,3,307.62,0.0,922.86,238.06
10173,2025-01-24,C0140,Monitor,Electronics,East,5,286.12,0.1,1287.54,223.59
10174,2025-06-04,C0113,Backpack,Lifestyle,West,8,62.93,0.0,503.44,94.84
10175,2025-08-26,C0250,Webcam,Accessories,West,4,71.19,0.0,284.76,99.47
10176,2025-07-09,C0243,Tablet,Electronics,West,2,431.41,0.0,862.82,116.22
10177,2025-08-03,C0041,Desk,Furniture,West,4,319.31,0.15,1085.65,237.17
10178,2025-08-28,C0150,Office Chair,Furniture,East,8,219.91,0.0,1759.28,358.91
10179,2025-01-26,C0028,Laptop,Electronics,West,5,812.48,0.05,3859.28,824.5
10180,2025-05-16,C0074,Tablet,Electronics,North,6,443.03,0.15,2259.45,232.56
10181,2025-09-16,C0025,Headphones,Accessories,West,8,80.64,0.15,548.35,169.81
10182,2025-06-23,C0183,Mouse,Accessories,East,6,23.58,0.15,120.26,32.44
10183,2025-09-23,C0158,Webcam,Accessories,East,8,71.19,0.0,569.52,158.92
10184,2025-06-22,C0107,Desk,Furniture,East,8,303.02,0.1,2181.74,373.89
10185,2025-12-19,C0185,Smartwatch,Lifestyle,North,1,179.27,0.05,170.31,43.15
10186,2025-09-03,C0009,Desk,Furniture,North,3,306.19,0.05,872.64,133.68
10187,2025-01-10,C0121,Smartphone,Electronics,North,8,641.55,0.0,5132.4,870.23
10188,2025-03-12,C0234,Smartwatch,Lifestyle,East,4,174.96,0.05,664.85,130.81
10189,2025-07-01,C0077,Office Chair,Furniture,East,5,219.44,0.05,1042.34,181.67
10190,2025-04-17,C0147,Smartwatch,Lifestyle,West,8,179.42,0.0,1435.36,316.2
10191,2025-06-26,C0192,Headphones,Accessories,West,3,74.14,0.0,222.42,52.1
10192,2025-04-14,C0172,Smartphone,Electronics,South,5,670.4,0.05,3184.4,410.7
10193,2025-04-30,C0141,Backpack,Lifestyle,South,1,59.17,0.0,59.17,10.69
10194,2025-12-01,C0197,Headphones,Accessories,North,8,81.93,0.05,622.67,164.51
10195,2025-10-21,C0215,Backpack,Lifestyle,South,4,62.29,0.05,236.7,54.68
10196,2025-07-23,C0146,Laptop,Electronics,North,8,855.89,0.0,6847.12,1612.19
10197,2025-05-26,C0050,Mouse,Accessories,North,8,25.17,0.1,181.22,67.77
10198,2025-03-25,C0194,Mouse,Accessories,South,8,24.03,0.1,173.02,58.41
10199,2025-11-09,C0123,Tablet,Electronics,East,7,444.79,0.15,2646.5,362.18
10200,2025-01-04,C0003,Smartphone,Electronics,East,5,622.49,0.05,2956.83,600.09
10201,2025-07-04,C0228,Backpack,Lifestyle,East,4,61.61,0.0,246.44,76.21
10202,2025-03-02,C0156,Smartwatch,Lifestyle,East,5,183.3,0.0,916.5,260.91
10203,2025-12-26,C0224,Headphones,Accessories,North,8,80.48,0.15,547.26,129.6
10204,2025-08-17,C0138,Office Chair,Furniture,South,6,234.69,0.0,1408.14,375.13
10205,2025-06-17,C0015,Tablet,Electronics,West,8,462.98,0.0,3703.84,763.1
10206,2025-09-20,C0066,Tablet,Electronics,North,7,454.6,0.05,3023.09,542.81
10207,2025-04-22,C0240,Smartwatch,Lifestyle,West,2,177.8,0.0,355.6,108.53
10208,2025-05-27,C0229,Laptop,Electronics,West,7,834.43,0.0,5841.01,1237.71
10209,2025-07-13,C0046,Webcam,Accessories,West,7,72.05,0.0,504.35,159.92
10210,2025-03-07,C0137,Office Chair,Furniture,West,4,202.52,0.15,688.57,145.83
10211,2025-05-07,C0170,Smartphone,Electronics,West,8,614.13,0.0,4913.04,700.69
10212,2025-01-09,C0063,Desk,Furniture,North,4,279.23,0.0,1116.92,261.45
10213,2025-08-13,C0209,Headphones,Accessories,East,4,76.38,0.05,290.24,64.62
10214,2025-11-03,C0016,Desk,Furniture,South,6,290.48,0.0,1742.88,297.94
10215,2025-12-14,C0082,Backpack,Lifestyle,West,7,59.96,0.05,398.73,112.65
10216,2025-03-18,C0037,Headphones,Accessories,West,5,75.95,0.05,360.76,92.31
10217,2025-10-15,C0237,Laptop,Electronics,West,7,807.33,0.05,5368.74,690.37
10218,2025-02-17,C0195,Mouse,Accessories,South,4,24.07,0.0,96.28,31.63
10219,2025-04-17,C0194,Webcam,Accessories,West,6,75.12,0.0,450.72,175.19
10220,2025-12-23,C0092,Smartphone,Electronics,East,4,693.17,0.05,2634.05,470.84
10221,2025-07-04,C0095,Keyboard,Accessories,East,8,46.79,0.05,355.6,105.62
10222,2025-01-24,C0040,Headphones,Accessories,South,4,75.47,0.1,271.69,101.41
10223,2025-04-28,C0211,Mouse,Accessories,West,7,26.33,0.05,175.09,57.84
10224,2025-11-25,C0235,Smartwatch,Lifestyle,North,8,170.45,0.05,1295.42,312.02
10225,2025-01-18,C0182,Office Chair,Furniture,South,2,225.92,0.15,384.06,90.43
10226,2025-04-22,C0005,Laptop,Electronics,North,8,743.74,0.0,5949.92,1169.32
10227,2025-10-10,C0179,Office Chair,Furniture,West,7,202.99,0.0,1420.93,255.96
10228,2025-02-24,C0102,Tablet,Electronics,North,2,424.72,0.05,806.97,109.37
10229,2025-07-27,C0220,Mouse,Accessories,North,8,23.97,0.05,182.17,48.55
10230,2025-07-27,C0112,Monitor,Electronics,East,7,302.53,0.05,2011.82,239.88
10231,2025-02-18,C0020,Desk,Furniture,East,1,286.15,0.0,286.15,59.11
10232,2025-10-16,C0183,Office Chair,Furniture,West,1,235.09,0.0,235.09,52.23
10233,2025-06-03,C0194,Monitor,Electronics,South,3,287.54,0.05,819.49,174.27
10234,2025-02-10,C0153,Smartwatch,Lifestyle,West,6,168.41,0.0,1010.46,268.72
10235,2025-01-16,C0175,Mouse,Accessories,West,5,26.97,0.15,114.62,29.98
10236,2025-11-13,C0040,Monitor,Electronics,West,5,287.83,0.15,1223.28,130.06
10237,2025-07-04,C0048,Mouse,Accessories,West,2,23.02,0.0,46.04,13.11
10238,2025-10-13,C0099,Webcam,Accessories,North,7,64.69,0.0,452.83,107.21
10239,2025-07-31,C0044,Keyboard,Accessories,West,7,46.68,0.15,277.75,100.11
10240,2025-03-13,C0201,Tablet,Electronics,North,5,433.33,0.0,2166.65,297.94
10241,2025-05-09,C0243,Mouse,Accessories,West,4,25.5,0.1,91.8,22.05
10242,2025-11-14,C0153,Mouse,Accessories,South,7,26.45,0.15,157.38,43.28
10243,2025-06-14,C0126,Keyboard,Accessories,,4,48.51,0.05,184.34,71.32
10244,2025-07-12,C0047,Mouse,Accessories,North,5,26.14,0.15,111.09,40.58
10245,2025-08-25,C0173,Smartwatch,Lifestyle,West,4,188.57,0.05,716.57,203.37
10246,2025-11-21,C0154,Tablet,Electronics,West,5,432.19,0.0,2160.95,299.29
10247,2025-07-25,C0235,Desk,Furniture,North,7,277.76,0.05,1847.1,454.8
10248,2025-05-08,C0193,Monitor,Electronics,East,6,307.06,0.0,1842.36,230.88
10249,2025-02-24,C0115,Headphones,Accessories,East,1,76.91,0.0,76.91,24.1
10250,2025-08-26,C0213,Headphones,Accessories,South,3,86.37,0.0,259.11,70.78
10251,2025-06-09,C0116,Mouse,Accessories,East,6,26.14,0.05,149.0,41.0
10252,2025-06-03,C0239,Monitor,Electronics,South,1,310.12,0.15,263.6,26.42
10253,2025-03-31,C0164,Office Chair,Furniture,West,3,222.11,0.0,666.33,131.07
10254,2025-01-15,C0208,Headphones,Accessories,North,4,81.18,0.05,308.48,104.68
10255,2025-02-22,C0164,Desk,Furniture,East,3,291.65,0.0,874.95,228.16
10256,2025-07-18,C0205,Desk,Furniture,East,7,281.48,0.05,1871.84,293.23
10257,2025-10-30,C0131,Desk,Furniture,West,2,282.43,0.1,508.37,76.57
10258,2025-11-02,C0045,Headphones,Accessories,South,3,78.51,0.05,223.75,73.14
10259,2025-05-28,C0035,Webcam,Accessories,South,3,67.92,0.0,203.76,46.79
10260,2025-10-15,C0008,Headphones,Accessories,South,8,82.36,0.05,625.94,227.64
10261,2025-01-17,C0141,Keyboard,Accessories,North,5,50.3,0.0,251.5,76.03
10262,2025-02-28,C0113,Desk,Furniture,South,5,302.07,0.15,1283.8,286.87
10263,2025-02-22,C0222,Headphones,Accessories,North,4,84.8,0.0,339.2,90.67
10264,2025-04-18,C0053,Smartphone,Electronics,North,6,671.92,0.15,3426.79,594.32
10265,2025-06-29,C0220,Desk,Furniture,North,5,301.86,0.05,1433.84,248.06
10266,2025-07-30,C0213,Tablet,Electronics,South,1,476.43,0.0,476.43,64.43
10267,2025-07-21,C0226,Backpack,Lifestyle,North,8,60.74,0.0,485.92,130.57
10268,2025-09-21,C0199,Headphones,Accessories,North,5,85.59,0.1,385.16,144.84
10269,2025-08-23,C0069,Smartwatch,Lifestyle,East,6,167.42,0.15,853.84,159.8
10270,2025-06-22,C0161,Keyboard,Accessories,West,3,52.82,0.05,150.54,56.22
10271,2025-03-05,C0226,,Electronics,East,3,794.43,0.05,2264.13,524.19
10272,2025-05-21,C0161,Tablet,Electronics,East,2,439.95,0.1,791.91,90.98
10273,2025-12-25,C0058,Smartwatch,Lifestyle,West,4,184.48,0.05,701.02,133.95
10274,2025-01-05,C0023,Laptop,Electronics,North,6,751.44,0.15,3832.34,769.31
10275,2025-06-10,C0037,Monitor,Electronics,North,6,282.58,0.0,1695.48,360.82
10276,2025-10-16,C0106,Office Chair,Furniture,West,1,225.28,0.05,214.02,47.18
10277,2025-02-14,C0036,Smartphone,Electronics,South,2,676.25,0.0,1352.5,257.99
10278,2025-11-27,C0218,Keyboard,Accessories,East,2,50.43,0.0,100.86,33.22
10279,2025-09-23,C0099,Smartphone,Electronics,North,4,638.74,0.1,2299.46,419.74
10280,2025-09-13,C0215,Smartphone,Electronics,West,2,690.43,0.05,1311.82,149.48
10281,2025-10-07,C0056,Mouse,Accessories,North,3,24.88,0.15,63.44,13.36
10282,2025-07-23,C0138,Laptop,Electronics,South,5,827.22,0.1,3722.49,733.53
10283,2025-02-12,C0163,Keyboard,Accessories,North,5,50.09,0.0,250.45,91.53
10284,2025-12-24,C0157,Keyboard,Accessories,North,7,53.63,0.1,337.87,84.13
10285,2025-12-08,C0133,Keyboard,Accessories,East,3,46.1,0.0,138.3,30.71
10286,2025-07-10,C0207,Tablet,Electronics,West,3,470.24,0.1,1269.65,174.26
10287,2025-09-26,C0128,Keyboard,Accessories,South,2,51.7,0.0,103.4,24.18
10288,2025-03-22,C0012,Mouse,Accessories,North,5,23.41,0.15,99.49,32.59
10289,2025-01-24,C0234,Smartphone,Electronics,West,8,637.83,0.0,5102.64,704.22
10290,2025-06-14,C0173,Smartphone,Electronics,North,4,693.25,0.05,2634.35,397.5
10291,2025-04-25,C0142,Tablet,Electronics,West,1,418.96,0.05,398.01,66.99
10292,2025-07-08,C0127,Laptop,Electronics,South,4,808.17,0.0,3232.68,505.81
10293,2025-10-07,C0225,Smartwatch,Lifestyle,North,4,165.78,0.0,663.12,197.3
10294,2025-01-01,C0247,Mouse,Accessories,North,7,25.95,0.15,154.4,36.2
10295,2025-12-31,C0118,Tablet,Electronics,North,5,417.16,0.0,2085.8,308.23
10296,2025-02-18,C0061,Desk,Furniture,East,3,315.36,0.1,851.47,158.29
10297,2025-06-11,C0035,Keyboard,Accessories,North,7,52.66,0.1,331.76,95.05
10298,2025-02-24,C0079,Tablet,Electronics,West,3,447.56,0.05,1275.55,205.72
10299,2025-03-03,C0220,Keyboard,Accessories,East,2,52.46,0.0,104.92,36.39
10300,2025-02-16,C0244,Tablet,Electronics,West,4,442.53,0.0,1770.12,222.81
10301,2025-10-12,C0057,Webcam,Accessories,South,4,69.57,0.0,278.28,68.22
10302,2025-07-25,C0006,Smartphone,Electronics,North,6,663.55,0.1,3583.17,653.43
10303,2025-11-27,C0119,Smartphone,Electronics,North,8,611.39,0.15,4157.45,856.89
10304,2025-10-21,C0233,Tablet,Electronics,South,7,466.16,0.15,2773.65,435.56
10305,2025-05-24,C0141,Keyboard,Accessories,West,8,46.28,0.0,370.24,97.83
10306,2025-02-14,C0206,Laptop,Electronics,North,5,753.57,0.05,3579.46,488.36
10307,2025-07-03,C0007,Headphones,Accessories,East,8,83.6,0.05,635.36,199.7
10308,2025-04-23,C0060,Desk,Furniture,South,1,313.37,0.15,266.36,51.04
10309,2025-05-07,C0148,Monitor,Electronics,West,4,301.62,0.0,1206.48,259.33
10310,2025-03-30,C0180,Mouse,Accessories,East,3,25.37,0.0,76.11,26.3
10311,2025-10-16,C0045,Desk,Furniture,West,3,321.52,0.05,916.33,245.9
10312,2025-02-16,C0207,Laptop,Electronics,South,1,813.01,0.0,813.01,99.51
10313,2025-04-01,C0221,Mouse,Accessories,East,6,23.09,0.0,138.54,53.35
10314,2025-07-11,C0203,Monitor,Electronics,West,7,280.85,0.05,1867.65,277.74
10315,2025-06-12,C0151,Backpack,Lifestyle,South,3,64.5,0.1,174.15,34.18
10316,2025-06-07,C0198,Headphones,Accessories,North,5,75.87,0.0,379.35,131.39
10317,2025-11-05,C0191,Tablet,Electronics,North,6,483.66,0.15,2466.67,305.89
10318,2025-06-27,C0086,Smartphone,Electronics,West,6,664.16,0.0,3984.96,938.74
10319,2025-05-16,C0113,Laptop,Electronics,West,4,824.73,0.0,3298.92,534.62
10320,2025-07-31,C0195,Tablet,Electronics,South,8,439.29,0.05,3338.6,525.97
10321,2025-08-20,C0044,Tablet,Electronics,West,2,474.89,0.15,807.31,107.28
10322,2025-02-08,C0043,Tablet,Electronics,West,2,456.77,0.0,913.54,176.9
10323,2025-01-28,C0068,Tablet,Electronics,East,2,428.8,0.0,857.6,122.46
10324,2025-05-02,C0023,Keyboard,Accessories,East,2,49.14,0.0,98.28,30.31
10325,2025-11-17,C0030,Backpack,Lifestyle,East,8,56.13,0.0,449.04,110.6
10326,2025-08-30,C0048,Headphones,Accessories,West,8,76.99,0.1,554.33,152.3
10327,2025-05-15,C0025,Laptop,Electronics,North,8,769.72,0.05,5849.87,1245.73
10328,2025-06-26,C0138,Backpack,Lifestyle,West,7,60.86,0.15,362.12,78.26
10329,2025-05-01,C0205,Desk,Furniture,South,8,279.79,0.0,2238.32,470.71
10330,2025-08-18,C0112,Monitor,Electronics,South,3,322.66,0.0,967.98,210.07
10331,2025-03-17,C0084,Backpack,Lifestyle,East,5,63.94,0.0,319.7,75.33
10332,2025-08-23,C0146,Office Chair,Furniture,North,1,227.05,0.15,192.99,25.72
10333,2025-10-16,C0125,Monitor,Electronics,West,2,289.73,0.15,492.54,79.68
10334,2025-03-30,C0085,Laptop,Electronics,South,5,754.41,0.05,3583.45,664.87
10335,2025-09-01,C0179,Laptop,Electronics,North,5,738.59,0.0,3692.95,805.38
10336,2025-03-10,C0049,Smartphone,Electronics,West,5,644.08,0.1,2898.36,591.55
10337,2025-07-28,C0182,Smartphone,Electronics,West,8,651.72,0.15,4431.7,630.94
10338,2025-09-26,C0236,Tablet,Electronics,East,1,427.88,0.0,427.88,94.11
10339,2025-04-12,C0096,Smartwatch,Lifestyle,West,5,189.32,0.0,946.6,174.44
10340,2025-08-17,C0213,Desk,Furniture,North,3,298.78,0.15,761.89,178.87
10341,2025-01-15,C0174,Keyboard,Accessories,South,7,47.3,0.0,331.1,130.35
10342,2025-11-30,C0166,Keyboard,Accessories,South,7,46.16,0.05,306.96,107.64
10343,2025-01-05,C0230,Desk,Furniture,West,4,305.2,0.0,1220.8,292.15
10344,2025-08-24,C0131,Mouse,Accessories,East,5,24.87,0.0,124.35,45.81
10345,2025-11-28,C0071,Office Chair,Furniture,East,5,226.49,0.0,1132.45,202.38
10346,2025-12-31,C0154,Backpack,Lifestyle,West,5,56.64,0.0,283.2,82.79
10347,2025-06-13,C0189,Backpack,Lifestyle,North,3,55.44,0.1,149.69,33.18
10348,2025-12-29,C0172,Desk,Furniture,East,4,310.87,0.0,1243.48,310.73
10349,2025-06-03,C0186,Office Chair,Furniture,South,3,225.55,0.15,575.15,105.49
10350,2025-06-21,C0067,Backpack,Lifestyle,East,2,58.61,0.0,117.22,26.54
10351,2025-03-02,C0129,Webcam,Accessories,North,8,74.1,0.0,592.8,231.18
10352,2025-07-15,C0146,Backpack,Lifestyle,West,5,55.72,0.05,264.67,60.82
10353,2025-06-11,C0116,Tablet,Electronics,East,3,419.82,0.15,1070.54,147.11
10354,2025-03-28,C0110,Smartphone,Electronics,West,3,679.66,0.05,1937.03,399.16
10355,2025-01-03,C0049,Headphones,Accessories,North,1,76.15,0.05,72.34,15.56
10356,2025-01-03,C0043,Backpack,Lifestyle,North,4,61.86,0.0,247.44,64.93
10357,2025-06-02,C0088,Laptop,Electronics,West,5,829.16,0.05,3938.51,724.94
10358,2025-04-07,C0151,Mouse,Accessories,South,3,24.61,0.15,62.76,20.61
10359,2025-07-07,C0170,Monitor,Electronics,North,1,318.07,0.05,302.17,43.27
10360,2025-01-11,C0053,Backpack,Lifestyle,North,1,56.31,0.1,50.68,13.34
10361,2025-08-04,C0131,Keyboard,Accessories,North,2,50.16,0.1,90.29,29.9
10362,2025-02-28,C0181,Keyboard,Accessories,West,2,47.59,0.05,90.42,23.49
10363,2025-03-24,C0172,Keyboard,Accessories,North,1,49.97,0.05,47.47,18.06
10364,2025-10-21,C0165,Monitor,Electronics,South,8,321.57,0.0,2572.56,549.35
10365,2025-06-01,C0174,Webcam,Accessories,East,5,64.96,0.05,308.56,114.12
10366,2025-03-01,C0092,Headphones,Accessories,West,2,83.31,0.15,141.63,49.69
10367,2025-05-18,C0099,Desk,Furniture,West,2,315.12,0.0,630.24,173.14
10368,2025-11-29,C0234,Headphones,Accessories,West,3,75.3,0.0,225.9,89.61
10369,2025-12-14,C0187,Desk,Furniture,South,8,305.34,0.0,2442.72,636.97
10370,2025-09-07,C0135,Webcam,Accessories,South,2,69.34,0.05,131.75,43.53
10371,2025-06-23,C0215,Backpack,Lifestyle,North,2,61.55,0.05,116.94,26.47
10372,2025-11-26,C0062,Laptop,Electronics,East,3,844.65,0.05,2407.25,516.9
10373,2025-01-26,C0115,Keyboard,Accessories,North,4,51.15,0.05,194.37,49.53
10374,2025-08-17,C0141,Webcam,Accessories,North,6,75.38,0.0,452.28,100.95
10375,2025-11-06,C0210,Monitor,Electronics,South,5,302.99,0.05,1439.2,274.96
10376,2025-06-19,C0088,Webcam,Accessories,East,8,71.76,0.1,516.67,116.52
10377,2025-05-30,C0105,Backpack,Lifestyle,North,6,56.22,0.1,303.59,81.65
10378,2025-11-09,C0087,Keyboard,Accessories,North,4,46.97,0.0,187.88,48.62
10379,2025-01-24,C0002,Headphones,Accessories,North,2,85.01,0.15,144.52,43.87
10380,2025-08-10,C0027,Office Chair,Furniture,West,8,229.89,0.05,1747.16,273.97
10381,2025-11-04,C0102,Backpack,Lifestyle,East,6,63.66,0.05,362.86,75.2
10382,2025-08-20,C0221,Keyboard,Accessories,East,3,49.3,0.0,147.9,52.46
10383,2025-10-11,C0182,Smartwatch,Lifestyle,South,4,171.64,0.0,686.56,136.33
10384,2025-10-05,C0107,Office Chair,Furniture,East,6,206.46,0.1,1114.88,228.43
10385,2025-01-07,C0074,Headphones,Accessories,East,2,78.48,0.0,156.96,36.13
10386,2025-02-01,C0190,Tablet,Electronics,South,5,468.26,0.0,2341.3,290.03
10387,2025-11-28,C0098,Smartwatch,Lifestyle,West,7,180.31,0.0,1262.17,235.49
10388,2025-12-17,C0114,Headphones,Accessories,South,6,74.29,0.05,423.45,105.46
10389,2025-12-27,C0115,Backpack,Lifestyle,South,6,60.85,0.15,310.34,57.29
10390,2025-02-08,C0042,Backpack,Lifestyle,East,3,62.26,0.0,186.78,40.53
10391,2025-06-19,C0161,Laptop,Electronics,East,8,856.0,0.1,6163.2,676.68
10392,2025-10-21,C0130,Webcam,Accessories,South,6,73.18,0.0,439.08,113.98
10393,2025-10-06,C0244,Headphones,Accessories,West,7,78.07,0.0,546.49,185.48
10394,2025-11-29,C0246,Office Chair,Furniture,North,1,225.95,0.0,225.95,51.05
10395,2025-06-14,C0211,Backpack,Lifestyle,East,7,64.27,0.15,382.41,109.02
10396,2025-09-18,C0043,Office Chair,Furniture,North,8,203.94,0.05,1549.94,316.88
10397,2025-02-03,C0213,Backpack,Lifestyle,West,4,61.24,0.1,220.46,42.72
10398,2025-02-06,C0143,Backpack,Lifestyle,North,3,59.61,0.0,178.83,52.07
10399,2025-04-27,C0137,Desk,Furniture,North,5,294.63,0.05,1399.49,188.74
10400,2025-11-13,C0075,Backpack,Lifestyle,East,2,62.36,0.15,106.01,24.16
10401,2025-02-14,C0057,Desk,Furniture,South,5,320.48,0.15,1362.04,165.92
10402,2025-07-20,C0096,Smartwatch,Lifestyle,North,5,169.75,0.1,763.88,204.04
10403,2025-10-12,C0054,Office Chair,Furniture,East,3,203.87,0.0,611.61,132.51
10404,2025-07-31,C0146,Smartphone,Electronics,North,3,617.14,0.0,1851.42,359.22
10405,2025-08-25,C0092,Office Chair,Furniture,South,2,226.04,0.0,452.08,100.04
10406,2025-12-02,C0169,Backpack,Lifestyle,East,4,57.94,0.0,231.76,52.37
10407,2025-10-27,C0202,Smartwatch,Lifestyle,South,3,181.93,0.05,518.5,112.18
10408,2025-11-25,C0092,Smartwatch,Lifestyle,East,7,189.8,0.0,1328.6,325.24
10409,2025-10-10,C0051,Webcam,Accessories,East,2,71.63,0.0,143.26,38.75
10410,2025-11-17,C0104,Smartwatch,Lifestyle,South,2,167.77,0.1,301.99,74.43
10411,2025-10-10,C0229,Laptop,Electronics,East,5,850.43,0.05,4039.54,716.05
10412,2025-08-26,C0176,Tablet,Electronics,South,2,440.2,0.05,836.38,95.16
10413,2025-03-13,C0124,Office Chair,Furniture,East,8,208.71,0.0,1669.68,459.97
10414,2025-04-23,C0093,Laptop,Electronics,West,8,744.05,0.0,5952.4,978.17
10415,2025-08-21,C0214,Webcam,Accessories,East,1,75.38,0.0,75.38,26.13
10416,2025-10-06,C0097,Desk,Furniture,South,3,307.38,0.05,876.03,218.54
10417,2025-07-27,C0036,Office Chair,Furniture,West,6,232.94,0.15,1187.99,240.08
10418,2025-04-28,C0031,Tablet,Electronics,South,2,460.33,0.05,874.63,120.6
10419,2025-06-19,C0063,Headphones,Accessories,North,2,82.24,0.05,156.26,49.82
10420,2025-10-21,C0047,Tablet,Electronics,West,3,459.33,0.0,1377.99,171.84
10421,2025-10-16,C0121,,Furniture,West,1,310.94,0.1,279.85,43.47
10422,2025-04-23,C0043,Tablet,Electronics,East,7,424.28,0.05,2821.46,514.68
10423,2025-11-02,C0176,Webcam,Accessories,West,2,68.64,0.0,137.28,30.61
10424,2025-11-07,C0031,Tablet,Electronics,North,2,448.26,0.0,896.52,173.72
10425,2025-12-04,C0108,Webcam,Accessories,East,3,70.44,0.05,200.75,76.54
10426,2025-12-24,C0233,Laptop,Electronics,North,7,856.12,0.0,5992.84,1065.86
10427,2025-03-10,C0066,Headphones,Accessories,South,5,83.4,0.05,396.15,90.16
10428,2025-12-30,C0105,Laptop,Electronics,East,1,802.89,0.05,762.75,133.38
10429,2025-03-21,C0175,Monitor,Electronics,West,7,304.1,0.1,1915.83,261.24
10430,2025-07-31,C0181,Smartphone,Electronics,West,8,636.5,0.0,5092.0,950.11
10431,2025-03-12,C0202,Smartwatch,Lifestyle,East,2,172.22,0.1,310.0,73.21
10432,2025-11-11,C0154,Office Chair,Furniture,West,1,216.1,0.0,216.1,55.16
10433,2025-02-02,C0168,Monitor,Electronics,East,5,293.8,0.0,1469.0,283.64
10434,2025-11-02,C0206,Smartwatch,Lifestyle,East,1,189.22,0.15,160.84,40.12
10435,2025-01-18,C0071,Smartphone,Electronics,West,4,615.63,0.05,2339.39,273.3
10436,2025-12-09,C0073,Mouse,Accessories,East,7,25.34,0.05,168.51,58.16
10437,2025-05-22,C0130,Mouse,Accessories,North,4,26.85,0.05,102.03,29.1
10438,2025-02-07,C0148,Office Chair,Furniture,East,5,235.73,0.0,1178.65,309.58
10439,2025-08-15,C0230,Smartwatch,Lifestyle,North,7,179.53,0.05,1193.87,319.87
10440,2025-03-01,C0106,Webcam,Accessories,East,5,68.69,0.0,343.45,89.18
10441,2025-10-02,C0020,Office Chair,Furniture,South,1,231.69,0.1,208.52,45.73
10442,2025-06-10,C0128,Webcam,Accessories,South,6,74.42,0.0,446.52,174.36
10443,2025-05-04,C0031,Smartphone,Electronics,North,5,621.84,0.0,3109.2,684.62
10444,2025-12-06,C0081,Backpack,Lifestyle,West,8,55.26,0.05,419.98,94.27
10445,2025-05-21,C0014,Desk,Furniture,West,8,323.25,0.0,2586.0,442.45
10446,2025-10-04,C0133,Webcam,Accessories,West,1,68.29,0.05,64.88,22.85
10447,2025-12-19,C0048,Mouse,Accessories,East,1,25.7,0.0,25.7,6.12
10448,2025-05-18,C0094,Smartphone,Electronics,West,8,633.68,0.05,4815.97,648.08
10449,2025-08-19,C0061,Keyboard,Accessories,West,3,47.05,0.05,134.09,34.01
10450,2025-04-11,C0229,Headphones,Accessories,East,3,85.88,0.15,218.99,75.01
10451,2025-06-03,C0066,Webcam,Accessories,West,5,74.02,0.05,351.59,80.98
10452,2025-02-19,C0006,Backpack,Lifestyle,West,8,58.41,0.1,420.55,84.56
10453,2025-06-29,C0173,Monitor,Electronics,West,4,303.64,0.05,1153.83,219.68
10454,2025-08-17,C0238,Smartwatch,Lifestyle,East,2,183.27,0.05,348.21,91.29
10455,2025-11-20,C0182,Headphones,Accessories,East,7,85.21,0.15,507.0,131.49
10456,2025-11-27,C0116,Desk,Furniture,West,7,318.61,0.0,2230.27,545.76
10457,2025-04-05,C0043,Tablet,Electronics,West,1,466.4,0.0,466.4,93.02
10458,2025-02-18,C0068,Monitor,Electronics,South,2,302.32,0.05,574.41,66.44
10459,2025-12-02,C0044,Monitor,Electronics,North,7,287.01,0.0,2009.07,418.91
10460,2025-12-06,C0141,Laptop,Electronics,West,6,853.15,0.15,4351.06,875.47
10461,2025-12-24,C0164,Tablet,Electronics,East,3,457.03,0.05,1302.54,245.17
10462,2025-09-04,C0134,Mouse,Accessories,South,4,23.36,0.15,79.42,21.58
10463,2025-05-27,C0111,Mouse,Accessories,East,8,23.03,0.05,175.03,67.03
10464,2025-04-29,C0189,Desk,Furniture,West,1,293.93,0.05,279.23,52.43
10465,2025-04-23,C0176,Headphones,Accessories,East,5,79.0,0.0,395.0,141.26
10466,2025-11-29,C0116,Keyboard,Accessories,East,5,47.5,0.05,225.62,53.49
10467,2025-11-15,C0073,Smartwatch,Lifestyle,East,8,174.83,0.0,1398.64,442.15
10468,2025-08-13,C0128,Tablet,Electronics,East,1,420.49,0.0,420.49,51.2
10469,2025-12-23,C0140,Webcam,Accessories,West,1,65.3,0.0,65.3,16.08
10470,2025-04-09,C0250,Tablet,Electronics,West,5,441.47,0.15,1876.25,185.77
10471,2025-01-18,C0247,Smartphone,Electronics,East,4,674.47,0.05,2562.99,317.23
10472,2025-03-23,C0228,Mouse,Accessories,North,1,26.75,0.1,24.07,6.03
10473,2025-04-22,C0203,Backpack,Lifestyle,South,2,61.28,0.0,122.56,24.11
10474,2025-01-22,C0159,Laptop,Electronics,East,8,812.32,0.1,5848.7,874.78
10475,2025-01-31,C0143,Backpack,Lifestyle,East,1,61.39,0.0,61.39,13.05
10476,2025-04-09,C0144,Webcam,Accessories,East,1,68.63,0.1,61.77,15.45
10477,2025-12-23,C0154,Office Chair,Furniture,South,8,222.35,0.0,1778.8,365.68
10478,2025-09-29,C0098,Monitor,Electronics,South,3,290.19,0.05,827.04,119.18
10479,2025-11-14,C0049,Laptop,Electronics,West,6,815.39,0.15,4158.49,565.49
10480,2025-03-20,C0241,Office Chair,Furniture,South,5,216.83,0.0,1084.15,251.79
10481,2025-01-17,C0135,Tablet,Electronics,East,4,448.95,0.0,1795.8,236.78
10482,2025-07-07,C0214,Laptop,Electronics,North,4,827.88,0.05,3145.94,358.86
10483,2025-11-24,C0211,Webcam,Accessories,East,1,70.65,0.0,70.65,20.83
10484,2025-01-21,C0137,Office Chair,Furniture,West,2,213.1,0.15,362.27,47.49
10485,2025-04-09,C0164,Smartphone,Electronics,East,4,663.03,0.05,2519.51,337.53
10486,2025-08-23,C0154,,Lifestyle,West,7,56.8,0.0,397.6,80.37
10487,2025-06-11,C0145,Mouse,Accessories,South,6,24.49,0.15,124.9,34.35
10488,2025-10-09,C0153,Headphones,Accessories,North,5,85.91,0.0,429.55,125.2
10489,2025-03-11,C0177,Office Chair,Furniture,East,5,212.97,0.0,1064.85,152.31
10490,2025-09-19,C0060,Office Chair,Furniture,East,3,203.73,0.0,611.19,116.98
10491,2025-02-17,C0212,Keyboard,Accessories,North,7,53.34,0.05,354.71,121.57
10492,2025-11-25,C0090,Desk,Furniture,West,5,311.08,0.0,1555.4,229.93
10493,2025-03-03,C0079,Headphones,Accessories,North,4,81.96,0.1,295.06,61.09
10494,2025-10-04,C0115,Mouse,Accessories,North,3,25.01,0.0,75.03,17.19
10495,2025-08-10,C0103,Smartphone,Electronics,East,5,639.01,0.15,2715.79,307.87
10496,2025-07-24,C0147,Monitor,Electronics,South,7,309.5,0.15,1841.52,347.94
10497,2025-11-12,C0172,Office Chair,Furniture,West,4,204.92,0.0,819.68,220.8
10498,2025-07-07,C0158,Headphones,Accessories,West,6,77.71,0.0,466.26,104.61
10499,2025-03-16,C0022,Desk,Furniture,North,8,320.36,0.0,2562.88,414.77
10500,2025-01-28,C0029,Smartwatch,Lifestyle,East,4,192.29,0.05,730.7,197.02
10501,2025-08-30,C0124,Webcam,Accessories,South,1,66.74,0.0,66.74,17.13
10502,2025-12-24,C0203,Smartwatch,Lifestyle,East,1,182.39,0.05,173.27,36.78
10503,2025-08-27,C0005,Laptop,Electronics,East,1,785.75,0.0,785.75,119.87
10504,2025-07-17,C0023,Backpack,Lifestyle,South,4,60.08,0.05,228.3,58.47
10505,2025-09-14,C0101,Smartphone,Electronics,South,8,694.34,0.05,5276.98,607.27
10506,2025-06-27,C0161,Laptop,Electronics,East,6,816.03,0.0,4896.18,726.32
10507,2025-01-16,C0246,Headphones,Accessories,South,5,75.54,0.0,377.7,127.76
10508,2025-05-04,C0036,Headphones,Accessories,South,3,86.02,0.05,245.16,66.63
10509,2025-06-08,C0082,Tablet,Electronics,North,3,485.69,0.05,1384.22,317.81
10510,2025-09-30,C0106,Office Chair,Furniture,West,2,213.58,0.0,427.16,105.58
10511,2025-08-15,C0069,Keyboard,Accessories,South,5,52.23,0.0,261.15,66.14
10512,2025-04-29,C0121,Desk,Furniture,East,4,277.25,0.1,998.1,143.5
10513,2025-07-18,C0070,Tablet,Electronics,West,8,423.9,0.05,3221.64,437.15
10514,2025-12-10,C0177,Smartphone,Electronics,East,4,619.27,0.15,2105.52,250.03
10515,2025-05-07,C0241,Webcam,Accessories,North,7,73.09,0.05,486.05,175.41
10516,2025-02-25,C0189,Office Chair,Furniture,North,8,231.51,0.05,1759.48,360.9
10517,2025-07-18,C0109,Office Chair,Furniture,East,1,212.65,0.0,212.65,54.41
10518,2025-01-28,C0241,Desk,Furniture,South,3,315.83,0.05,900.12,133.53
10519,2025-07-31,C0024,Headphones,Accessories,East,6,73.92,0.05,421.34,157.54
10520,2025-12-21,C0182,Mouse,Accessories,West,3,25.93,0.1,70.01,23.25
10521,2025-09-19,C0221,Smartwatch,Lifestyle,South,3,181.45,0.05,517.13,152.29
10522,2025-03-16,C0161,Tablet,Electronics,South,3,465.27,0.15,1186.44,175.41
10523,2025-03-09,C0002,Monitor,Electronics,West,4,305.88,0.0,1223.52,183.98
10524,2025-04-22,C0159,Smartphone,Electronics,South,8,640.66,0.05,4869.02,594.16
10525,2025-04-05,C0077,Laptop,Electronics,East,3,819.62,0.0,2458.86,305.9
10526,2025-01-26,C0147,Monitor,Electronics,South,2,323.7,0.05,615.03,81.1
10527,2025-10-24,C0110,Webcam,Accessories,North,6,65.44,0.0,392.64,112.43
10528,2025-08-30,C0157,Keyboard,Accessories,North,3,51.56,0.0,154.68,48.7
10529,2025-10-20,C0218,Monitor,Electronics,East,2,310.76,0.05,590.44,109.27
10530,2025-09-27,C0227,Keyboard,Accessories,South,6,50.91,0.0,305.46,107.29
10531,2025-05-29,C0158,Smartwatch,Lifestyle,West,4,169.0,0.0,676.0,141.3
10532,2025-01-24,C0203,Headphones,Accessories,North,6,80.77,0.0,484.62,107.6
10533,2025-06-03,C0008,Keyboard,Accessories,South,6,46.05,0.15,234.85,60.81
10534,2025-06-19,C0118,Smartphone,Electronics,East,6,647.83,0.1,3498.28,566.51
10535,2025-07-31,C0148,Webcam,Accessories,East,1,70.24,0.15,59.7,19.08
10536,2025-02-03,C0156,Mouse,Accessories,West,3,26.36,0.0,79.08,22.74
10537,2025-11-01,C0023,Tablet,Electronics,West,2,470.33,0.15,799.56,107.54
10538,2025-07-10,C0200,Smartphone,Electronics,South,8,696.88,0.15,4738.78,584.94
10539,2025-08-16,C0135,Monitor,Electronics,East,1,299.17,0.15,254.29,40.05
10540,2025-03-15,C0100,Mouse,Accessories,North,2,26.93,0.15,45.78,17.22
10541,2025-06-09,C0197,Laptop,Electronics,East,1,844.56,0.1,760.1,159.34
10542,2025-10-23,C0113,Laptop,Electronics,North,5,850.19,0.1,3825.86,549.03
10543,2025-03-18,C0141,Keyboard,Accessories,East,3,46.92,0.0,140.76,45.15
10544,2025-03-14,C0034,Keyboard,Accessories,North,5,47.96,0.05,227.81,73.56
10545,2025-12-12,C0162,Webcam,Accessories,West,1,68.7,0.0,68.7,19.96
10546,2025-07-02,C0194,Desk,Furniture,West,5,315.24,0.0,1576.2,338.39
10547,2025-03-09,C0197,Desk,Furniture,West,2,314.51,0.15,534.67,86.06
10548,2025-04-29,C0171,Webcam,Accessories,East,4,74.04,0.0,296.16,113.82
10549,2025-08-21,C0090,Mouse,Accessories,South,8,23.26,0.0,186.08,56.97
10550,2025-02-22,C0119,Office Chair,Furniture,West,7,227.54,0.15,1353.86,172.52
10551,2025-07-31,C0178,Desk,Furniture,West,4,287.7,0.05,1093.26,154.97
10552,2025-10-18,C0215,Headphones,Accessories,West,6,82.48,0.05,470.14,156.57
10553,2025-10-31,C0028,Monitor,Electronics,West,8,302.64,0.0,2421.12,529.36
10554,2025-09-11,C0194,Mouse,Accessories,South,1,23.87,0.0,23.87,7.75
10555,2025-03-18,C0077,Backpack,Lifestyle,East,8,58.0,0.05,440.8,130.19
10556,2025-06-26,C0095,Headphones,Accessories,North,2,73.7,0.05,140.03,39.94
10557,2025-12-27,C0082,Laptop,Electronics,West,6,846.24,0.0,5077.44,1136.75
10558,2025-07-15,C0093,Headphones,Accessories,West,7,76.3,0.05,507.39,120.52
10559,2025-05-28,C0250,Tablet,Electronics,South,3,414.84,0.0,1244.52,246.17
10560,2025-03-12,C0131,Monitor,Electronics,West,7,297.89,0.15,1772.45,340.61
10561,2025-08-19,C0183,Office Chair,Furniture,East,7,210.35,0.0,1472.45,308.83
10562,2025-10-07,C0177,Headphones,Accessories,North,6,86.12,0.0,516.72,179.24
10563,2025-09-27,C0170,Tablet,Electronics,North,5,451.22,0.05,2143.3,375.73
10564,2025-11-21,C0121,Backpack,Lifestyle,East,5,55.71,0.05,264.62,64.64
10565,2025-06-30,C0067,Headphones,Accessories,North,5,75.74,0.0,378.7,124.05
10566,2025-08-31,C0022,Backpack,Lifestyle,South,3,55.7,0.05,158.75,33.76
10567,2025-02-09,C0045,Office Chair,Furniture,South,5,207.07,0.0,1035.35,147.01
10568,2025-08-17,C0009,Backpack,Lifestyle,East,6,56.88,0.15,290.09,67.11
10569,2025-03-16,C0164,Monitor,Electronics,South,3,299.81,0.15,764.52,165.69
10570,2025-10-23,C0078,Smartphone,Electronics,West,6,664.8,0.0,3988.8,840.27
10571,2025-09-30,C0074,Smartwatch,Lifestyle,West,4,185.29,0.05,704.1,164.31
10572,2025-12-14,C0111,Headphones,Accessories,East,6,82.34,0.05,469.34,177.26
10573,2025-05-19,C0188,Mouse,Accessories,South,5,23.39,0.15,99.41,26.63
10574,2025-06-22,C0027,Office Chair,Furniture,West,3,221.68,0.0,665.04,94.22
10575,2025-04-23,C0214,Mouse,Accessories,South,5,23.77,0.0,118.85,28.11
10576,2025-11-23,C0166,Desk,Furniture,South,2,321.97,0.1,579.55,102.95
10577,2025-12-23,C0197,Monitor,Electronics,West,3,290.14,0.0,870.42,173.44
10578,2025-12-08,C0016,Smartwatch,Lifestyle,East,6,170.26,0.0,1021.56,231.46
10579,2025-04-02,C0037,Keyboard,Accessories,West,8,49.93,0.0,399.44,131.76
10580,2025-11-11,C0115,Smartphone,Electronics,North,2,672.4,0.05,1277.56,159.56
10581,2025-03-18,C0132,Webcam,Accessories,West,1,71.84,0.0,71.84,24.86
10582,2025-08-12,C0177,Webcam,Accessories,West,7,72.55,0.15,431.67,90.7
10583,2025-10-18,C0137,Monitor,Electronics,East,6,308.73,0.0,1852.38,311.34
10584,2025-08-24,C0100,Monitor,Electronics,North,5,285.75,0.1,1285.88,220.58
10585,2025-12-19,C0185,Backpack,Lifestyle,South,6,56.01,0.05,319.26,63.7
10586,2025-07-19,C0005,Webcam,Accessories,North,2,70.45,0.15,119.77,35.17
10587,2025-01-29,C0241,Mouse,Accessories,South,6,25.88,0.15,131.99,31.1
10588,2025-10-24,C0012,Smartwatch,Lifestyle,South,4,166.66,0.0,666.64,205.67
10589,2025-11-29,C0044,Smartwatch,Lifestyle,North,3,170.56,0.0,511.68,124.78
10590,2025-02-28,C0189,Monitor,Electronics,West,8,314.36,0.05,2389.14,332.02
10591,2025-03-03,C0031,Mouse,Accessories,East,3,26.35,0.0,79.05,28.27
10592,2025-08-01,C0203,Tablet,Electronics,West,3,440.63,0.1,1189.7,148.48
10593,2025-01-09,C0107,Tablet,Electronics,West,8,414.46,0.0,3315.68,469.27
10594,2025-03-06,C0010,Smartwatch,Lifestyle,South,4,184.03,0.0,736.12,195.42
10595,2025-09-13,C0136,Smartwatch,Lifestyle,North,2,189.4,0.1,340.92,65.41
10596,2025-07-05,C0176,Desk,Furniture,West,4,312.98,0.05,1189.32,189.84
10597,2025-04-01,C0158,Webcam,Accessories,West,3,74.73,0.1,201.77,54.59
10598,2025-02-23,C0185,Laptop,Electronics,West,1,758.51,0.05,720.58,148.99
10599,2025-10-24,C0026,,Furniture,South,6,285.54,0.05,1627.58,393.15
10600,2025-07-31,C0056,Smartwatch,Lifestyle,West,4,191.27,0.05,726.83,169.73
10601,2025-07-18,C0009,Tablet,Electronics,North,6,446.96,0.0,2681.76,384.29
10602,2025-03-11,C0041,Keyboard,Accessories,South,2,49.72,0.15,84.52,28.26
10603,2025-10-11,C0119,Desk,Furniture,East,4,295.76,0.0,1183.04,201.47
10604,2025-08-08,C0147,Laptop,Electronics,North,4,777.89,0.0,3111.56,589.75
10605,2025-01-23,C0179,Headphones,Accessories,North,1,82.99,0.05,78.84,22.79
10606,2025-09-11,C0076,Webcam,Accessories,South,4,70.66,0.0,282.64,99.41
10607,2025-02-16,C0250,Backpack,Lifestyle,West,1,61.62,0.05,58.54,14.88
10608,2025-03-12,C0019,Webcam,Accessories,West,7,73.25,0.0,512.75,155.66
10609,2025-06-20,C0202,Smartwatch,Lifestyle,North,1,177.87,0.0,177.87,51.8
10610,2025-06-21,C0159,Desk,Furniture,North,1,321.38,0.05,305.31,45.2
10611,2025-07-07,C0062,Mouse,Accessories,North,3,25.24,0.1,68.15,22.67
10612,2025-09-02,C0071,Backpack,Lifestyle,North,4,62.35,0.15,211.99,53.58
10613,2025-07-10,C0137,Monitor,Electronics,East,6,299.34,0.05,1706.24,299.79
10614,2025-11-14,C0227,Webcam,Accessories,West,6,71.94,0.15,366.89,137.05
10615,2025-02-11,C0128,Monitor,Electronics,South,7,289.84,0.0,2028.88,476.37
10616,2025-09-24,C0189,Smartphone,Electronics,North,1,641.32,0.0,641.32,129.48
10617,2025-04-07,C0088,Keyboard,Accessories,East,2,52.97,0.0,105.94,41.37
10618,2025-10-31,C0124,Webcam,Accessories,East,8,67.81,0.05,515.36,182.74
10619,2025-01-25,C0047,Keyboard,Accessories,South,3,48.28,0.0,144.84,47.99
10620,2025-12-21,C0048,Smartwatch,Lifestyle,South,3,172.45,0.0,517.35,111.98
10621,2025-12-29,C0078,Office Chair,Furniture,North,1,213.56,0.1,192.2,38.55
10622,2025-07-27,C0250,Laptop,Electronics,East,8,754.61,0.15,5131.35,782.35
10623,2025-12-28,C0205,Backpack,Lifestyle,West,5,63.8,0.05,303.05,80.57
10624,2025-12-19,C0159,Mouse,Accessories,South,2,24.92,0.1,44.86,14.67
10625,2025-07-02,C0072,Webcam,Accessories,South,2,65.02,0.0,130.04,42.27
10626,2025-02-12,C0155,Laptop,Electronics,North,8,821.96,0.1,5918.11,683.45
10627,2025-07-04,C0079,Backpack,Lifestyle,West,7,62.07,0.0,434.49,99.19
10628,2025-02-14,C0187,Office Chair,Furniture,West,4,233.65,0.1,841.14,157.25
10629,2025-08-01,C0086,Smartwatch,Lifestyle,North,3,182.51,0.15,465.4,129.83
10630,2025-07-12,C0194,Desk,Furniture,South,2,295.65,0.0,591.3,128.79
10631,2025-04-06,C0144,Smartphone,Electronics,West,7,655.6,0.0,4589.2,573.96
10632,2025-01-14,C0229,Smartphone,Electronics,East,1,625.32,0.0,625.32,146.78
10633,2025-04-02,C0154,Headphones,Accessories,East,8,81.85,0.1,589.32,201.93
10634,2025-09-04,C0188,Desk,Furniture,North,7,288.38,0.15,1715.86,398.18
10635,2025-03-25,C0108,Keyboard,Accessories,East,1,48.56,0.0,48.56,11.87
10636,2025-05-29,C0154,Laptop,Electronics,South,5,817.79,0.05,3884.5,472.82
10637,2025-06-15,C0137,Office Chair,Furniture,East,6,232.14,0.15,1183.91,254.8
10638,2025-01-07,C0056,Tablet,Electronics,South,3,434.26,0.05,1237.64,254.9
10639,2025-04-24,C0142,Office Chair,Furniture,North,4,233.98,0.15,795.53,152.02
10640,2025-08-24,C0210,Headphones,Accessories,West,2,84.08,0.0,168.16,51.51
10641,2025-09-25,C0037,Desk,Furniture,South,6,310.07,0.0,1860.42,318.37
10642,2025-03-06,C0124,Keyboard,Accessories,West,4,53.85,0.0,215.4,76.97
10643,2025-04-11,C0017,Laptop,Electronics,East,2,837.51,0.0,1675.02,304.21
10644,2025-01-06,C0008,Backpack,Lifestyle,,2,56.39,0.15,95.86,24.1
10645,2025-05-23,C0026,Tablet,Electronics,North,6,425.56,0.0,2553.36,459.8
10646,2025-04-22,C0236,Office Chair,Furniture,West,4,208.45,0.0,833.8,201.4
10647,2025-12-24,C0132,Mouse,Accessories,South,3,25.69,0.05,73.22,26.56
10648,2025-02-27,C0185,Headphones,Accessories,North,6,79.56,0.0,477.36,147.62
10649,2025-06-17,C0058,Monitor,Electronics,West,8,294.47,0.0,2355.76,411.87
10650,2025-08-08,C0173,Keyboard,Accessories,West,4,46.56,0.15,158.3,44.82
10651,2025-02-23,C0027,Backpack,Lifestyle,South,7,60.22,0.05,400.46,108.05
10652,2025-07-06,C0128,Monitor,Electronics,East,4,285.61,0.0,1142.44,252.8
10653,2025-10-25,C0104,Smartwatch,Lifestyle,West,5,188.34,0.15,800.45,193.66
10654,2025-05-23,C0008,Office Chair,Furniture,North,3,218.4,0.15,556.92,83.43
10655,2025-01-28,C0160,Smartwatch,Lifestyle,North,2,185.13,0.05,351.75,68.2
10656,2025-12-05,C0208,Monitor,Electronics,North,8,298.37,0.15,2028.92,269.29
10657,2025-08-09,C0169,Laptop,Electronics,East,2,793.61,0.05,1507.86,323.96
10658,2025-03-26,C0169,,Lifestyle,West,8,169.47,0.05,1287.97,343.89
10659,2025-10-15,C0197,Webcam,Accessories,East,3,65.02,0.05,185.31,59.09
10660,2025-02-01,C0229,Mouse,Accessories,East,1,23.18,0.05,22.02,6.06
10661,2025-02-19,C0080,Headphones,Accessories,North,7,86.3,0.0,604.1,139.04
10662,2025-02-03,C0146,Smartwatch,Lifestyle,West,5,175.32,0.0,876.6,263.74
10663,2025-01-11,C0126,Keyboard,Accessories,North,8,46.18,0.05,350.97,110.61
10664,2025-12-12,C0249,Smartwatch,Lifestyle,West,4,179.91,0.0,719.64,159.71
10665,2025-09-12,C0206,Smartphone,Electronics,South,2,686.43,0.15,1166.93,143.75
10666,2025-02-17,C0204,Desk,Furniture,North,2,292.17,0.05,555.12,110.49
10667,2025-06-04,C0172,Backpack,Lifestyle,South,5,61.57,0.05,292.46,71.55
10668,2025-11-18,C0164,Laptop,Electronics,West,3,799.9,0.05,2279.71,437.24
10669,2025-11-17,C0217,Desk,Furniture,West,1,285.63,0.05,271.35,64.31
10670,2025-06-13,C0154,Headphones,Accessories,South,2,76.21,0.1,137.18,48.46
10671,2025-05-03,C0112,Headphones,Accessories,West,2,76.06,0.0,152.12,56.12
10672,2025-01-19,C0165,Backpack,Lifestyle,North,4,57.82,0.0,231.28,59.46
10673,2025-09-06,C0105,Smartwatch,Lifestyle,East,1,190.36,0.0,190.36,58.27
10674,2025-12-03,C0239,Backpack,Lifestyle,North,2,64.25,0.05,122.07,33.61
10675,2025-12-07,C0150,Office Chair,Furniture,West,5,233.54,0.05,1109.32,272.27
10676,2025-05-01,C0151,Smartwatch,Lifestyle,North,7,169.76,0.0,1188.32,256.21
10677,2025-10-01,C0226,Webcam,Accessories,South,6,75.03,0.1,405.16,113.96
10678,2025-09-01,C0205,Mouse,Accessories,North,6,24.23,0.15,123.57,44.54
10679,2025-12-10,C0032,Smartwatch,Lifestyle,South,4,181.52,0.0,726.08,213.26
10680,2025-07-18,C0077,Webcam,Accessories,South,1,74.79,0.05,71.05,18.95
10681,2025-08-13,C0241,Tablet,Electronics,West,6,469.21,0.15,2392.97,349.98
10682,2025-07-31,C0017,Webcam,Accessories,East,6,69.13,0.1,373.3,83.27
10683,2025-11-05,C0165,Headphones,Accessories,South,6,82.5,0.05,470.25,154.22
10684,2025-07-25,C0197,Laptop,Electronics,South,4,775.11,0.1,2790.4,485.8
10685,2025-12-18,C0152,Desk,Furniture,East,7,321.09,0.15,1910.49,260.19
10686,2025-04-12,C0006,Keyboard,Accessories,North,2,48.94,0.05,92.99,26.08
10687,2025-11-28,C0110,Office Chair,Furniture,East,4,236.69,0.0,946.76,154.91
10688,2025-02-15,C0117,Tablet,Electronics,West,6,482.2,0.0,2893.2,387.93
10689,2025-04-25,C0111,Monitor,Electronics,South,4,321.41,0.0,1285.64,279.77
10690,2025-04-21,C0068,Desk,Furniture,South,5,308.51,0.1,1388.3,201.9
10691,2025-08-19,C0250,Desk,Furniture,West,4,303.98,0.0,1215.92,250.05
10692,2025-04-19,C0239,Backpack,Lifestyle,South,7,59.26,0.1,373.34,64.32
10693,2025-07-01,C0248,Webcam,Accessories,North,1,67.24,0.0,67.24,18.45
10694,2025-04-02,C0136,Desk,Furniture,West,5,300.18,0.0,1500.9,237.85
10695,2025-05-14,C0238,Tablet,Electronics,West,2,417.18,0.0,834.36,112.93
10696,2025-05-15,C0039,Keyboard,Accessories,West,5,48.5,0.05,230.38,62.04
10697,2025-04-07,C0230,Laptop,Electronics,West,3,765.42,0.0,2296.26,285.43
10698,2025-08-15,C0090,Laptop,Electronics,North,6,807.79,0.1,4362.07,697.63
10699,2025-05-26,C0150,Smartphone,Electronics,North,3,615.5,0.15,1569.52,248.85
10700,2025-10-20,C0073,Office Chair,Furniture,North,3,234.8,0.05,669.18,97.5
10701,2025-07-11,C0161,Headphones,Accessories,East,2,77.74,0.15,132.16,37.05
10702,2025-12-03,C0188,Desk,Furniture,South,1,322.55,0.0,322.55,59.83
10703,2025-01-25,C0066,Smartphone,Electronics,South,5,681.01,0.0,3405.05,712.53
10704,2025-07-24,C0168,Smartphone,Electronics,South,2,686.64,0.0,1373.28,191.65
10705,2025-06-02,C0171,Monitor,Electronics,North,8,296.75,0.15,2017.9,392.0
10706,2025-09-20,C0109,Mouse,Accessories,East,4,24.78,0.05,94.16,24.56
10707,2025-04-06,C0176,Desk,Furniture,South,7,296.45,0.1,1867.64,354.65
10708,2025-09-27,C0176,Webcam,Accessories,East,2,69.64,0.0,139.28,50.74
10709,2025-09-25,C0106,Smartphone,Electronics,North,7,657.13,0.0,4599.91,856.13
10710,2025-12-05,C0046,Webcam,Accessories,South,5,67.25,0.0,336.25,104.45
10711,2025-01-24,C0160,Headphones,Accessories,East,2,84.82,0.05,161.16,51.28
10712,2025-04-06,C0005,Mouse,Accessories,North,4,23.31,0.0,93.24,24.86
10713,2025-03-01,C0186,Headphones,Accessories,West,1,81.99,0.0,81.99,24.02
10714,2025-11-13,C0004,Keyboard,Accessories,South,6,51.39,0.1,277.51,76.62
10715,2025-01-09,C0220,Monitor,Electronics,South,4,277.29,0.15,942.79,146.35
10716,2025-06-04,C0247,Monitor,Electronics,West,8,298.75,0.0,2390.0,293.06
10717,2025-01-11,C0027,Webcam,Accessories,West,8,67.12,0.05,510.11,184.56
10718,2025-09-11,C0210,Headphones,Accessories,West,5,79.84,0.0,399.2,130.29
10719,2025-02-01,C0030,Smartphone,Electronics,West,1,657.95,0.05,625.05,111.82
10720,2025-11-27,C0060,Desk,Furniture,South,6,309.48,0.05,1764.04,281.2
10721,2025-12-17,C0100,Desk,Furniture,West,6,316.97,0.05,1806.73,462.78
10722,2025-12-01,C0023,Backpack,Lifestyle,West,6,59.73,0.15,304.62,77.43
10723,2025-03-30,C0054,Tablet,Electronics,North,4,457.61,0.0,1830.44,241.82
10724,2025-07-03,C0087,Laptop,Electronics,West,5,822.65,0.0,4113.25,579.83
10725,2025-11-13,C0198,Monitor,Electronics,East,4,302.98,0.0,1211.92,216.16
10726,2025-12-20,C0250,Tablet,Electronics,North,2,417.63,0.1,751.73,164.29
10727,2025-11-09,C0093,Desk,Furniture,South,2,303.0,0.15,515.1,69.04
10728,2025-05-30,C0036,Smartwatch,Lifestyle,North,8,180.17,0.15,1225.16,250.36
10729,2025-08-13,C0022,Smartphone,Electronics,East,7,677.98,0.15,4033.98,512.07
10730,2025-08-01,C0206,Mouse,Accessories,West,6,25.66,0.1,138.56,47.2
10731,2025-07-29,C0184,Headphones,Accessories,North,8,80.21,0.15,545.43,200.38
10732,2025-06-23,C0165,Monitor,Electronics,South,6,323.13,0.05,1841.84,243.53
10733,2025-01-30,C0233,Desk,Furniture,East,5,295.3,0.05,1402.67,245.61
10734,2025-05-24,C0114,Laptop,Electronics,East,3,787.7,0.1,2126.79,387.64
10735,2025-07-27,C0134,Backpack,Lifestyle,East,4,56.01,0.0,224.04,67.93
10736,2025-02-17,C0067,Smartphone,Electronics,South,5,633.43,0.05,3008.79,568.01
10737,2025-08-05,C0167,Keyboard,Accessories,North,2,46.48,0.1,83.66,26.59
10738,2025-06-02,C0241,Webcam,Accessories,South,1,68.2,0.05,64.79,22.47
10739,2025-06-03,C0064,Mouse,Accessories,North,5,26.14,0.1,117.63,38.35
10740,2025-09-22,C0024,Mouse,Accessories,North,4,26.11,0.15,88.77,19.87
10741,2025-03-08,C0102,Headphones,Accessories,East,8,79.31,0.0,634.48,199.69
10742,2025-09-13,C0130,Desk,Furniture,South,7,309.07,0.05,2055.32,392.3
10743,2025-12-31,C0009,Webcam,Accessories,South,8,75.24,0.0,601.92,189.75
10744,2025-07-09,C0031,Office Chair,Furniture,East,2,232.4,0.05,441.56,76.41
10745,2025-07-11,C0229,Keyboard,Accessories,East,5,49.89,0.0,249.45,61.26
10746,2025-04-21,C0124,Keyboard,Accessories,East,3,51.92,0.15,132.4,39.2
10747,2025-08-20,C0163,Desk,Furniture,West,6,294.11,0.15,1499.96,204.13
10748,2025-12-08,C0060,Webcam,Accessories,West,8,74.1,0.0,592.8,215.76
10749,2025-10-04,C0147,Mouse,Accessories,East,1,26.56,0.1,23.9,7.68
10750,2025-11-27,C0146,Office Chair,Furniture,South,2,222.09,0.1,399.76,82.25
10751,2025-09-15,C0213,Webcam,Accessories,West,1,71.77,0.0,71.77,28.22
10752,2025-10-01,C0007,Monitor,Electronics,East,6,304.27,0.05,1734.34,297.4
10753,2025-05-12,C0040,Headphones,Accessories,East,2,86.14,0.0,172.28,46.75
10754,2025-12-14,C0082,Headphones,Accessories,South,3,81.47,0.0,244.41,54.97
10755,2025-06-15,C0061,Headphones,Accessories,West,5,85.65,0.05,406.84,90.25
10756,2025-09-16,C0163,Office Chair,Furniture,South,7,211.88,0.0,1483.16,221.23
10757,2025-05-18,C0217,Laptop,Electronics,South,2,833.66,0.0,1667.32,330.44
10758,2025-07-11,C0209,Tablet,Electronics,West,3,431.65,0.15,1100.71,233.15
10759,2025-05-29,C0090,Desk,Furniture,South,3,278.89,0.0,836.67,146.52
10760,2025-09-19,C0213,Desk,Furniture,South,5,283.75,0.0,1418.75,216.44
10761,2025-10-12,C0163,Smartwatch,Lifestyle,East,5,171.67,0.05,815.43,248.59
10762,2025-08-20,C0234,Smartwatch,Lifestyle,South,5,184.67,0.0,923.35,208.66
10763,2025-01-02,C0196,Backpack,Lifestyle,West,8,63.85,0.0,510.8,142.24
10764,2025-02-11,C0209,Office Chair,Furniture,West,2,203.49,0.05,386.63,87.62
10765,2025-07-03,C0050,Desk,Furniture,West,7,316.28,0.0,2213.96,348.63
10766,2025-04-24,C0078,Laptop,Electronics,South,1,771.99,0.15,656.19,136.53
10767,2025-09-10,C0211,Smartphone,Electronics,West,6,627.2,0.0,3763.2,860.05
10768,2025-05-23,C0017,Monitor,Electronics,South,8,302.49,0.0,2419.92,482.0
10769,2025-02-03,C0218,Smartwatch,Lifestyle,North,3,192.49,0.0,577.47,126.12
10770,2025-12-14,C0014,Smartwatch,Lifestyle,East,5,181.73,0.1,817.78,242.91
10771,2025-07-28,C0058,Headphones,Accessories,North,5,82.31,0.0,411.55,117.32
10772,2025-08-04,C0189,Keyboard,Accessories,South,8,46.04,0.0,368.32,86.45
10773,2025-08-05,C0111,Smartwatch,Lifestyle,North,2,171.27,0.0,342.54,62.99
10774,2025-11-17,C0086,Desk,Furniture,South,6,288.02,0.15,1468.9,242.68
10775,2025-11-04,C0097,Monitor,Electronics,East,8,280.59,0.15,1908.01,288.25
10776,2025-02-03,C0174,Smartwatch,Lifestyle,North,3,192.07,0.0,576.21,109.03
10777,2025-01-27,C0169,Office Chair,Furniture,North,5,215.83,0.15,917.28,137.72
10778,2025-07-16,C0007,Webcam,Accessories,West,8,69.19,0.15,470.49,101.5
10779,2025-06-18,C0147,Office Chair,Furniture,South,4,206.01,0.0,824.04,206.44
10780,2025-09-18,C0016,Backpack,Lifestyle,,5,59.24,0.0,296.2,86.37
10781,2025-10-27,C0038,Keyboard,Accessories,West,7,53.68,0.05,356.97,95.85
10782,2025-11-05,C0130,Keyboard,Accessories,North,6,48.95,0.0,293.7,95.62
10783,2025-06-26,C0178,Headphones,Accessories,West,4,81.8,0.0,327.2,76.01
10784,2025-12-21,C0117,Desk,Furniture,North,6,303.76,0.15,1549.18,272.84
10785,2025-04-23,C0244,Webcam,Accessories,East,1,66.9,0.1,60.21,19.1
10786,2025-07-12,C0030,Smartwatch,Lifestyle,South,4,170.91,0.05,649.46,114.76
10787,2025-08-14,C0045,Keyboard,Accessories,South,4,50.69,0.1,182.48,38.85
10788,2025-03-31,C0006,Keyboard,Accessories,South,6,50.44,0.15,257.24,51.8
10789,2025-12-02,C0241,Headphones,Accessories,West,2,85.58,0.0,171.16,45.05
10790,2025-02-03,C0082,Smartwatch,Lifestyle,West,2,191.02,0.0,382.04,105.91
10791,2025-05-06,C0014,Backpack,Lifestyle,East,1,61.11,0.15,51.94,10.56
10792,2025-09-18,C0100,Tablet,Electronics,East,8,466.37,0.0,3730.96,799.02
10793,2025-09-23,C0069,Webcam,Accessories,West,8,68.0,0.0,544.0,187.69
10794,2025-10-26,C0228,Backpack,Lifestyle,West,1,57.31,0.0,57.31,12.77
10795,2025-03-22,C0150,Desk,Furniture,,6,302.43,0.0,1814.58,366.96
10796,2025-09-20,C0007,Webcam,Accessories,South,6,69.45,0.05,395.87,110.31
10797,2025-04-30,C0021,Webcam,Accessories,East,5,65.25,0.1,293.62,75.76
10798,2025-02-20,C0191,Smartphone,Electronics,East,2,635.46,0.0,1270.92,235.79
10799,2025-12-28,C0211,Smartphone,Electronics,East,3,676.25,0.15,1724.44,321.23
10800,2025-07-27,C0186,Headphones,Accessories,South,1,81.97,0.05,77.87,29.88
10801,2025-04-30,C0242,Webcam,Accessories,West,8,73.52,0.1,529.34,116.7
10802,2025-08-13,C0003,Smartphone,Electronics,West,8,656.08,0.15,4461.34,635.58
10803,2025-07-01,C0084,Backpack,Lifestyle,North,6,59.22,0.0,355.32,90.7
10804,2025-01-17,C0147,Desk,Furniture,West,3,322.91,0.0,968.73,244.0
10805,2025-04-15,C0230,Headphones,Accessories,East,7,80.44,0.0,563.08,134.89
10806,2025-03-29,C0018,Monitor,Electronics,West,2,302.54,0.1,544.57,59.27
10807,2025-04-16,C0221,Keyboard,Accessories,West,4,51.28,0.0,205.12,47.25
10808,2025-03-22,C0034,Headphones,Accessories,South,2,80.47,0.0,160.94,37.4
10809,2025-08-10,C0071,Keyboard,Accessories,South,8,50.83,0.0,406.64,132.46
10810,2025-03-15,C0126,Laptop,Electronics,West,8,841.55,0.0,6732.4,1296.54
10811,2025-10-22,C0203,Webcam,Accessories,East,1,65.42,0.1,58.88,21.81
10812,2025-11-10,C0047,Headphones,Accessories,North,3,76.79,0.05,218.85,75.39
10813,2025-12-24,C0018,Headphones,Accessories,South,1,84.93,0.0,84.93,32.18
10814,2025-07-30,C0065,Webcam,Accessories,South,2,65.26,0.0,130.52,46.72
10815,2025-01-23,C0220,Office Chair,Furniture,South,8,204.98,0.0,1639.84,317.08
10816,2025-01-20,C0018,Headphones,Accessories,North,1,75.07,0.0,75.07,20.94
10817,2025-12-03,C0005,Office Chair,Furniture,North,4,235.84,0.1,849.02,206.16
10818,2025-05-31,C0113,Tablet,Electronics,East,2,467.38,0.05,888.02,117.85
10819,2025-04-21,C0170,Tablet,Electronics,North,1,452.33,0.1,407.1,64.34
10820,2025-12-20,C0096,Headphones,Accessories,South,5,74.27,0.05,352.78,124.01
10821,2025-02-16,C0246,Smartphone,Electronics,North,1,600.91,0.05,570.86,65.22
10822,2025-03-27,C0054,Backpack,Lifestyle,West,3,59.19,0.0,177.57,36.67
10823,2025-03-03,C0055,Headphones,Accessories,West,4,74.96,0.0,299.84,66.77
10824,2025-02-03,C0128,Smartphone,Electronics,North,5,662.89,0.1,2983.01,328.94
10825,2025-10-02,C0249,Smartwatch,Lifestyle,South,3,193.22,0.0,579.66,159.35
10826,2025-03-31,C0131,Mouse,Accessories,South,6,25.67,0.15,130.92,26.27
10827,2025-10-28,C0063,Office Chair,Furniture,North,1,203.15,0.0,203.15,35.16
10828,2025-03-12,C0154,Laptop,Electronics,West,6,773.97,0.05,4411.63,576.6
10829,2025-06-18,C0209,Smartwatch,Lifestyle,East,3,174.75,0.0,524.25,124.82
10830,2025-04-28,C0176,Laptop,Electronics,South,6,767.01,0.0,4602.06,850.08
10831,2025-07-15,C0163,Desk,Furniture,South,6,297.23,0.0,1783.38,267.15
10832,2025-03-06,C0186,Smartphone,Electronics,West,2,659.63,0.0,1319.26,289.9
10833,2025-03-26,C0052,Keyboard,Accessories,East,4,49.39,0.0,197.56,54.24
10834,2025-02-10,C0040,Webcam,Accessories,West,6,68.63,0.05,391.19,112.89
10835,2025-07-15,C0045,Laptop,Electronics,East,7,746.65,0.15,4442.57,916.39
10836,2025-08-26,C0051,Headphones,Accessories,South,5,77.23,0.05,366.84,109.7
10837,2025-01-03,C0249,Smartphone,Electronics,East,1,650.07,0.15,552.56,101.97
10838,2025-09-08,C0239,Headphones,Accessories,South,5,86.24,0.1,388.08,141.38
10839,2025-08-12,C0179,Smartphone,Electronics,North,5,692.96,0.15,2945.08,542.39
10840,2025-07-17,C0008,Backpack,Lifestyle,South,7,57.57,0.1,362.69,95.72
10841,2025-11-06,C0030,Keyboard,Accessories,North,8,47.18,0.1,339.7,105.0
10842,2025-12-31,C0043,Backpack,Lifestyle,West,7,61.98,0.05,412.17,121.65
10843,2025-12-21,C0225,Keyboard,Accessories,North,5,53.74,0.05,255.26,71.83
10844,2025-11-22,C0044,Monitor,Electronics,West,6,282.85,0.15,1442.54,270.26
10845,2025-02-19,C0096,Laptop,Electronics,South,2,825.13,0.15,1402.72,225.13
10846,2025-03-10,C0016,Smartwatch,Lifestyle,South,4,170.84,0.05,649.19,128.86
10847,2025-05-13,C0097,Smartphone,Electronics,North,7,663.19,0.05,4410.21,826.61
10848,2025-02-02,C0193,Keyboard,Accessories,North,6,50.69,0.0,304.14,103.74
10849,2025-10-26,C0069,Backpack,Lifestyle,West,1,57.23,0.0,57.23,18.01
10850,2025-06-22,C0171,Webcam,Accessories,West,7,68.55,0.0,479.85,191.89
10851,2025-11-09,C0214,Headphones,Accessories,South,1,84.78,0.0,84.78,18.7
10852,2025-11-05,C0176,Laptop,Electronics,West,2,803.92,0.15,1366.66,289.22
10853,2025-07-31,C0012,Office Chair,Furniture,East,4,237.11,0.0,948.44,134.99
10854,2025-08-16,C0242,Backpack,Lifestyle,West,4,59.85,0.05,227.43,69.13
10855,2025-12-25,C0201,Backpack,Lifestyle,North,2,58.89,0.1,106.0,30.49
10856,2025-09-12,C0245,Tablet,Electronics,North,2,473.93,0.0,947.86,227.07
10857,2025-12-06,C0184,Webcam,Accessories,North,4,66.77,0.0,267.08,90.47
10858,2025-06-17,C0171,Tablet,Electronics,South,7,434.19,0.15,2583.43,474.84
10859,2025-11-21,C0017,Office Chair,Furniture,East,8,230.4,0.0,1843.2,406.68
10860,2025-07-15,C0152,Headphones,Accessories,South,7,76.59,0.15,455.71,113.87
10861,2025-03-01,C0138,Smartwatch,Lifestyle,South,6,190.18,0.0,1141.08,215.28
10862,2025-08-05,C0057,Headphones,Accessories,North,6,78.27,0.15,399.18,136.07
10863,2025-01-05,C0154,Headphones,Accessories,East,8,75.45,0.0,603.6,223.75
10864,2025-12-07,C0147,Tablet,Electronics,West,1,437.05,0.05,415.2,71.74
10865,2025-04-21,C0054,Backpack,Lifestyle,South,8,61.96,0.0,495.68,146.67
10866,2025-01-27,C0006,Smartwatch,Lifestyle,West,3,179.64,0.15,458.08,126.56
10867,2025-08-05,C0050,Mouse,Accessories,West,8,26.03,0.0,208.24,65.6
10868,2025-03-09,C0168,Monitor,Electronics,South,6,313.98,0.15,1601.3,322.51
10869,2025-03-12,C0167,Desk,Furniture,North,8,299.16,0.1,2153.95,511.8
10870,2025-10-22,C0044,Mouse,Accessories,North,2,26.14,0.1,47.05,12.83
10871,2025-07-02,C0039,Monitor,Electronics,West,8,321.36,0.0,2570.88,344.71
10872,2025-01-18,C0199,Smartphone,Electronics,North,2,639.25,0.0,1278.5,199.86
10873,2025-11-29,C0165,Webcam,Accessories,South,7,71.48,0.0,500.36,111.12
10874,2025-10-28,C0180,Laptop,Electronics,West,8,824.8,0.0,6598.4,866.68
10875,2025-10-20,C0180,Keyboard,Accessories,North,3,48.6,0.0,145.8,54.7
10876,2025-10-12,C0193,Headphones,Accessories,South,8,80.24,0.0,641.92,223.69
10877,2025-03-02,C0033,Backpack,Lifestyle,South,3,60.95,0.15,155.42,27.16
10878,2025-03-24,C0248,Backpack,Lifestyle,South,2,57.66,0.05,109.55,23.48
10879,2025-12-03,C0114,Headphones,Accessories,South,1,77.45,0.0,77.45,24.28
10880,2025-09-09,C0170,Desk,Furniture,North,6,319.72,0.05,1822.4,371.74
10881,2025-01-19,C0092,Smartphone,Electronics,East,4,629.17,0.0,2516.68,553.46
10882,2025-11-15,C0242,Tablet,Electronics,East,7,453.59,0.0,3175.13,480.34
10883,2025-08-06,C0183,Backpack,Lifestyle,East,3,57.16,0.05,162.91,42.83
10884,2025-12-03,C0064,Desk,Furniture,North,3,315.44,0.05,899.0,166.81
10885,2025-03-05,C0070,Keyboard,Accessories,South,2,50.39,0.1,90.7,29.05
10886,2025-05-21,C0045,Smartphone,Electronics,East,1,637.22,0.0,637.22,150.55
10887,2025-09-08,C0013,Desk,Furniture,South,2,292.75,0.05,556.23,94.81
10888,2025-07-19,C0104,Mouse,Accessories,West,3,26.22,0.0,78.66,28.47
10889,2025-03-07,C0069,Desk,Furniture,North,5,308.96,0.0,1544.8,247.13
10890,2025-11-24,C0091,Smartwatch,Lifestyle,West,6,187.99,0.1,1015.15,229.89
10891,2025-05-27,C0023,Office Chair,Furniture,East,5,220.72,0.05,1048.42,172.49
10892,2025-06-10,C0191,Headphones,Accessories,East,2,74.62,0.1,134.32,50.38
10893,2025-09-10,C0174,Office Chair,Furniture,North,1,226.23,0.05,214.92,43.46
10894,2025-01-08,C0190,Headphones,Accessories,North,4,83.15,0.15,282.71,91.59
10895,2025-08-18,C0035,Desk,Furniture,East,3,320.65,0.1,865.75,129.41
10896,2025-08-05,C0218,Laptop,Electronics,North,8,757.82,0.05,5759.43,1318.15
10897,2025-06-03,C0238,Keyboard,Accessories,North,8,48.12,0.0,384.96,128.43
10898,2025-11-13,C0228,Webcam,Accessories,South,8,68.38,0.0,547.04,152.7
10899,2025-07-01,C0234,Headphones,Accessories,West,1,79.11,0.0,79.11,24.94
10900,2025-03-21,C0069,Laptop,Electronics,North,5,796.25,0.0,3981.25,656.58
10901,2025-12-03,C0029,Webcam,Accessories,South,8,65.97,0.0,527.76,116.66
10902,2025-01-21,C0246,Keyboard,Accessories,East,3,49.37,0.05,140.7,30.7
10903,2025-08-04,C0103,Monitor,Electronics,West,8,299.79,0.05,2278.4,442.71
10904,2025-02-26,C0174,Tablet,Electronics,East,2,415.52,0.15,706.38,82.06
10905,2025-11-02,C0187,Headphones,Accessories,South,1,79.75,0.05,75.76,17.23
10906,2025-05-24,C0201,Smartphone,Electronics,North,2,625.41,0.15,1063.2,193.09
10907,2025-09-15,C0010,Smartwatch,Lifestyle,East,3,194.19,0.0,582.57,115.65
10908,2025-03-16,C0163,Smartphone,Electronics,South,7,662.11,0.0,4634.77,606.75
10909,2025-06-22,C0242,Smartphone,Electronics,East,7,604.38,0.05,4019.13,658.13
10910,2025-08-03,C0074,Smartwatch,Lifestyle,West,4,191.38,0.0,765.52,172.26
10911,2025-11-07,C0004,Keyboard,Accessories,South,2,47.48,0.05,90.21,25.07
10912,2025-07-04,C0099,Mouse,Accessories,North,6,26.12,0.1,141.05,38.35
10913,2025-03-08,C0237,Monitor,Electronics,North,2,304.15,0.0,608.3,139.58
10914,2025-10-07,C0050,Monitor,Electronics,West,6,310.82,0.0,1864.92,445.26
10915,2025-12-31,C0184,Office Chair,Furniture,North,5,232.44,0.15,987.87,239.84
10916,2025-02-04,C0248,Headphones,Accessories,South,8,80.3,0.05,610.28,216.56
10917,2025-01-24,C0132,Keyboard,Accessories,North,1,53.78,0.15,45.71,15.73
10918,2025-08-13,C0056,Tablet,Electronics,North,7,470.11,0.05,3126.23,502.08
10919,2025-08-22,C0137,Office Chair,Furniture,South,5,232.41,0.0,1162.05,182.06
10920,2025-01-21,C0211,Keyboard,Accessories,South,3,53.42,0.0,160.26,58.06
10921,2025-03-01,C0141,Office Chair,Furniture,East,1,214.63,0.1,193.17,26.4
10922,2025-03-10,C0188,Smartwatch,Lifestyle,East,7,174.09,0.05,1157.7,257.32
10923,2025-05-12,C0177,Tablet,Electronics,West,1,461.33,0.05,438.26,94.95
10924,2025-05-12,C0102,Backpack,Lifestyle,South,4,59.44,0.15,202.1,56.11
10925,2025-04-29,C0046,Webcam,Accessories,South,7,66.06,0.0,462.42,143.01
10926,2025-09-09,C0049,Desk,Furniture,North,3,289.54,0.1,781.76,187.19
10927,2025-02-06,C0193,Tablet,Electronics,North,7,446.76,0.0,3127.32,617.38
10928,2025-02-21,C0064,Desk,Furniture,North,7,276.99,0.05,1841.98,410.26
10929,2025-03-15,C0182,Keyboard,Accessories,North,1,53.73,0.15,45.67,9.89
10930,2025-03-13,C0015,Smartphone,Electronics,East,8,656.54,0.15,4464.47,673.33
10931,2025-10-06,C0037,Backpack,Lifestyle,North,2,63.12,0.0,126.24,37.51
10932,2025-01-13,C0176,Smartphone,Electronics,North,4,638.08,0.05,2424.7,375.58
10933,2025-03-28,C0237,Webcam,Accessories,North,2,65.54,0.0,131.08,37.27
10934,2025-11-06,C0176,Laptop,Electronics,East,3,790.86,0.0,2372.58,380.04
10935,2025-05-27,C0205,Desk,Furniture,North,6,289.01,0.0,1734.06,307.2
10936,2025-03-18,C0029,Laptop,Electronics,West,3,754.92,0.0,2264.76,393.17
10937,2025-05-23,C0124,Smartwatch,Lifestyle,West,3,174.9,0.0,524.7,130.75
10938,2025-11-22,C0137,Desk,Furniture,West,6,314.5,0.0,1887.0,374.78
10939,2025-10-02,C0057,Office Chair,Furniture,North,4,205.34,0.05,780.29,188.22
10940,2025-07-05,C0016,Smartphone,Electronics,East,1,701.37,0.0,701.37,85.61
10941,2025-03-13,C0212,Mouse,Accessories,South,5,23.58,0.05,112.0,43.39
10942,2025-03-12,C0180,Laptop,Electronics,North,2,826.11,0.1,1487.0,223.49
10943,2025-10-25,C0020,Backpack,Lifestyle,North,2,63.24,0.05,120.16,22.06
10944,2025-08-02,C0106,Desk,Furniture,East,3,284.76,0.15,726.14,156.34
10945,2025-11-27,C0042,Webcam,Accessories,North,1,65.65,0.0,65.65,22.03
10946,2025-08-05,C0239,Headphones,Accessories,South,8,82.71,0.05,628.6,198.31
10947,2025-02-17,C0250,Keyboard,Accessories,North,7,51.95,0.0,363.65,83.67
10948,2025-08-28,C0109,Smartwatch,Lifestyle,South,8,184.4,0.0,1475.2,342.26
10949,2025-02-25,C0028,Keyboard,Accessories,North,2,48.9,0.0,97.8,27.42
10950,2025-11-02,C0022,Smartphone,Electronics,North,1,692.61,0.15,588.72,70.66
10951,2025-09-05,C0102,Desk,Furniture,South,1,291.1,0.0,291.1,55.29
10952,2025-07-20,C0207,Mouse,Accessories,South,6,25.81,0.0,154.86,45.42
10953,2025-10-28,C0227,Laptop,Electronics,North,7,811.05,0.05,5393.48,1158.21
10954,2025-04-29,C0187,Smartwatch,Lifestyle,East,4,185.23,0.15,629.78,143.42
10955,2025-03-09,C0100,Webcam,Accessories,South,6,68.44,0.0,410.64,122.19
10956,2025-11-09,C0080,Smartphone,Electronics,North,2,656.96,0.0,1313.92,314.46
10957,2025-02-18,C0019,Webcam,Accessories,South,8,66.3,0.0,530.4,123.2
10958,2025-08-24,C0249,Smartwatch,Lifestyle,West,5,193.78,0.05,920.45,279.89
10959,2025-07-06,C0160,Laptop,Electronics,East,5,788.36,0.05,3744.71,699.74
10960,2025-02-12,C0015,Mouse,Accessories,South,7,24.8,0.05,164.92,64.47
10961,2025-10-15,C0100,Smartwatch,Lifestyle,West,1,190.17,0.0,190.17,36.17
10962,2025-02-17,C0028,Backpack,Lifestyle,West,6,59.7,0.05,340.29,67.29
10963,2025-04-13,C0030,Headphones,Accessories,East,7,74.43,0.0,521.01,171.3
10964,2025-01-20,C0016,Webcam,Accessories,East,3,66.03,0.05,188.19,59.24
10965,2025-08-31,C0046,Headphones,Accessories,North,4,76.31,0.0,305.24,108.83
10966,2025-02-05,C0229,Tablet,Electronics,East,5,419.88,0.05,1994.43,433.5
10967,2025-01-28,C0122,Tablet,Electronics,South,2,438.63,0.05,833.4,169.08
10968,2025-08-12,C0186,Smartwatch,Lifestyle,South,6,182.03,0.1,982.96,189.51
10969,2025-12-07,C0249,Mouse,Accessories,West,6,23.6,0.0,141.6,34.91
10970,2025-09-24,C0010,Keyboard,Accessories,South,1,53.55,0.05,50.87,16.62
10971,2025-04-07,C0249,Smartwatch,Lifestyle,North,7,181.33,0.1,1142.38,340.81
10972,2025-07-06,C0117,Mouse,Accessories,West,1,26.59,0.0,26.59,10.0
10973,2025-06-30,C0110,Headphones,Accessories,East,6,80.54,0.15,410.75,137.69
10974,2025-10-11,C0180,Tablet,Electronics,North,3,445.38,0.05,1269.33,186.21
10975,2025-02-23,C0140,Monitor,Electronics,North,2,276.79,0.1,498.22,108.06
10976,2025-08-16,C0051,Backpack,Lifestyle,West,1,57.98,0.1,52.18,11.39
10977,2025-06-29,C0201,Monitor,Electronics,South,8,319.58,0.05,2428.81,461.19
10978,2025-05-26,C0231,Office Chair,Furniture,West,5,211.71,0.1,952.69,174.4
10979,2025-01-08,C0044,Laptop,Electronics,West,1,837.19,0.0,837.19,184.93
10980,2025-10-12,C0241,Smartphone,Electronics,West,7,662.09,0.0,4634.63,774.9
10981,2025-03-30,C0162,Smartwatch,Lifestyle,West,7,180.5,0.0,1263.5,316.63
10982,2025-05-14,C0008,Backpack,Lifestyle,North,3,57.16,0.0,171.48,45.11
10983,2025-07-15,C0168,Desk,Furniture,South,1,311.24,0.1,280.12,65.51
10984,2025-04-10,C0240,Keyboard,Accessories,South,4,52.24,0.1,188.06,64.63
10985,2025-01-12,C0024,Backpack,Lifestyle,North,2,59.61,0.0,119.22,36.39
10986,2025-07-05,C0054,Webcam,Accessories,West,4,65.53,0.05,249.01,71.46
10987,2025-06-10,C0219,Headphones,Accessories,North,8,75.66,0.15,514.49,185.3
10988,2025-06-25,C0032,Monitor,Electronics,South,6,323.76,0.05,1845.43,340.48
10989,2025-01-16,C0084,Desk,Furniture,South,1,300.56,0.05,285.53,42.42
10990,2025-02-12,C0120,Smartphone,Electronics,West,3,626.46,0.0,1879.38,270.46
10991,2025-09-20,C0027,Headphones,Accessories,East,7,76.8,0.0,537.6,200.14
10992,2025-04-16,C0156,Tablet,Electronics,West,8,477.57,0.05,3629.53,592.88
10993,2025-04-13,C0065,Headphones,Accessories,West,6,85.09,0.0,510.54,153.62
10994,2025-11-06,C0019,Keyboard,Accessories,South,6,46.24,0.05,263.57,71.32
10995,2025-07-10,C0120,Backpack,Lifestyle,East,6,62.68,0.0,376.08,85.01
10996,2025-10-15,C0243,Smartphone,Electronics,North,2,627.5,0.05,1192.25,164.48
10997,2025-11-27,C0128,Desk,Furniture,North,7,312.3,0.1,1967.49,300.23
10998,2025-08-04,C0005,Keyboard,Accessories,North,2,49.62,0.0,99.24,32.39
10999,2025-05-26,C0005,Webcam,Accessories,North,3,75.23,0.15,191.84,56.31
11000,2025-02-18,C0127,Webcam,Accessories,North,7,67.77,0.1,426.95,114.1
10522,2025-03-16,C0161,Tablet,Electronics,South,3,465.27,0.15,1186.44,175.41
10738,2025-06-02,C0241,Webcam,Accessories,South,1,68.2,0.05,64.79,22.47
10741,2025-03-08,C0102,Headphones,Accessories,East,8,79.31,0.0,634.48,199.69
10661,2025-02-19,C0080,Headphones,Accessories,North,7,86.3,0.0,604.1,139.04
10412,2025-08-26,C0176,Tablet,Electronics,South,2,440.2,0.05,836.38,95.16
10679,2025-12-10,C0032,Smartwatch,Lifestyle,South,4,181.52,0.0,726.08,213.26
10627,2025-07-04,C0079,Backpack,Lifestyle,West,7,62.07,0.0,434.49,99.19
10514,2025-12-10,C0177,Smartphone,Electronics,East,4,619.27,0.15,2105.52,250.03
